step,value_raw,value_ema_0.97
1,0.0703125,0.0703125
2,0.1171875,0.07265624999999999
3,0.0625,0.0721484375
4,0.171875,0.077134765625
5,0.171875,0.08187177734375001
6,0.21875,0.08871568847656253
7,0.1953125,0.09404552905273442
8,0.1171875,0.09520262760009769
9,0.28125,0.10450499622009282
10,0.1875,0.10865474640908819
11,0.2421875,0.11533138408863378
12,0.2890625,0.1240179398842021
13,0.125,0.12406704288999199
14,0.21875,0.1288011907454924
15,0.25,0.1348611312082178
16,0.234375,0.1398368246478069
17,0.2109375,0.14339185841541655
18,0.2734375,0.14989414049464572
19,0.203125,0.15255568346991344
20,0.15625,0.15274039929641775
21,0.359375,0.16307212933159687
22,0.2109375,0.16546539786501704
23,0.203125,0.1673483779717662
24,0.1796875,0.16796533407317787
25,0.1171875,0.16542644236951898
26,0.1953125,0.16692074525104303
27,0.28125,0.1726372079884909
28,0.2109375,0.17455222258906636
29,0.2578125,0.17871523645961304
30,0.1796875,0.1787638496366324
31,0.203125,0.17998190715480078
32,0.15625,0.17879531179706074
33,0.2734375,0.1835274212072077
34,0.3046875,0.18958542514684731
35,0.2734375,0.19377802888950493
36,0.1875,0.19346412744502967
37,0.2890625,0.19824404607277818
38,0.2421875,0.20044121876913926
39,0.15625,0.19823165783068228
40,0.1875,0.19769507493914817
41,0.2578125,0.20070094619219078
42,0.2734375,0.20433777388258123
43,0.375,0.21287088518845218
44,0.2421875,0.21433671592902956
45,0.2578125,0.21651050513257808
46,0.265625,0.2189662298759492
47,0.3125,0.22364291838215172
48,0.25,0.22496077246304413
49,0.4140625,0.23441585883989194
50,0.3671875,0.24105444089789735
51,0.296875,0.24384546885300248
52,0.4296875,0.25313757041035234
53,0.3125,0.25610569188983473
54,0.3359375,0.260097282295343
55,0.4140625,0.26779554318057586
56,0.2734375,0.2680776410215471
57,0.2890625,0.26912688397046974
58,0.3359375,0.27246741477194625
59,0.296875,0.2736877940333489
60,0.5078125,0.28539402933168145
61,0.328125,0.2875305778650974
62,0.4609375,0.29620092397184256
63,0.265625,0.2946721277732504
64,0.59375,0.3096260213845879
65,0.328125,0.3105509703153585
66,0.328125,0.3114296717995906
67,0.5390625,0.32281131320961104
68,0.34375,0.3238582475491305
69,0.375,0.326415335171674
70,0.453125,0.3327508184130903
71,0.609375,0.34658202749243583
72,0.5390625,0.35620605111781406
73,0.421875,0.35948949856192336
74,0.1796875,0.3504993986338272
75,0.5703125,0.3614900537021358
76,0.25,0.35591555101702904
77,0.4375,0.3599947734661776
78,0.3515625,0.3595731597928687
79,0.40625,0.36190700180322527
80,0.4140625,0.364514776713064
81,0.4765625,0.3701171628774108
82,0.578125,0.38051755473354026
83,0.59375,0.3911791769968633
84,0.5390625,0.39857334314702014
85,0.3203125,0.39466030098966914
86,0.4296875,0.39641166094018565
87,0.453125,0.3992473278931764
88,0.4609375,0.4023318364985176
89,0.390625,0.4017464946735917
90,0.4296875,0.4031435449399121
91,0.3671875,0.4013457426929165
92,0.3515625,0.39885658055827067
93,0.4609375,0.40196062653035713
94,0.5,0.4068625952038393
95,0.625,0.41776946544364735
96,0.609375,0.427349742171465
97,0.578125,0.43488850506289173
98,0.5234375,0.4393159548097471
99,0.296875,0.4321939070692597
100,0.5703125,0.4390998367157967
101,0.546875,0.44448859488000686
102,0.40625,0.4425766651360065
103,0.484375,0.44466658187920616
104,0.3359375,0.43923012778524584
105,0.296875,0.4321123713959835
106,0.390625,0.4300380028261843
107,0.59375,0.4382236026848751
108,0.546875,0.44365617255063133
109,0.53125,0.4480358639230998
110,0.59375,0.45532157072694485
111,0.4375,0.4544304921905976
112,0.5234375,0.4578808425810677
113,0.46875,0.4584243004520143
114,0.5390625,0.4624562104294136
115,0.25,0.4518333999079429
116,0.5546875,0.45697610491254576
117,0.6015625,0.46420542466691844
118,0.5078125,0.4663857784335725
119,0.5078125,0.4684571145118938
120,0.7578125,0.4829248837862991
121,0.5234375,0.48495051459698413
122,0.65625,0.4935154888671349
123,0.375,0.4875897144237782
124,0.6875,0.4975852287025893
125,0.6171875,0.5035653422674599
126,0.6015625,0.5084652001540869
127,0.3984375,0.5029638151463826
128,0.671875,0.5114093743890634
129,0.6015625,0.5159170306696103
130,0.5859375,0.5194180541361297
131,0.40625,0.5137596514293232
132,0.359375,0.506040418857857
133,0.5703125,0.5092540229149641
134,0.46875,0.5072288217692159
135,0.6171875,0.5127267556807551
136,0.4453125,0.5093560428967173
137,0.7734375,0.5225601157518814
138,0.484375,0.5206508599642874
139,0.5,0.5196183169660731
140,0.5234375,0.5198092761177694
141,0.59375,0.5235063123118809
142,0.6171875,0.5281903716962869
143,0.5546875,0.5295152281114726
144,0.640625,0.535070716705899
145,0.578125,0.5372234308706041
146,0.7578125,0.548252884327074
147,0.6484375,0.5532621151107203
148,0.6953125,0.5603646343551844
149,0.7109375,0.5678932776374253
150,0.8203125,0.580514238755554
151,0.3984375,0.5714104018177762
152,0.4375,0.5647148817268874
153,0.5859375,0.565776012640543
154,0.6171875,0.5683465870085158
155,0.421875,0.56102300765809
156,0.4140625,0.5536749822751855
157,0.5859375,0.5552881081614263
158,0.546875,0.5548674527533549
159,0.4921875,0.5517334551156872
160,0.6484375,0.5565686573599028
161,0.6484375,0.5611620994919077
162,0.6875,0.5674789945173123
163,0.4765625,0.5629331697914467
164,0.5625,0.5629115113018744
165,0.6953125,0.5695315607367807
166,0.8203125,0.5820706076999417
167,0.71875,0.5889045773149446
168,0.5390625,0.5864124734491973
169,0.71875,0.5930293497767375
170,0.734375,0.6000966322879007
171,0.265625,0.5833730506735056
172,0.6015625,0.5842825231398304
173,0.4140625,0.5757715219828389
174,0.5625,0.575107945883697
175,0.7109375,0.5818994235895121
176,0.3203125,0.5688200774100364
177,0.6875,0.5747540735395346
178,0.4609375,0.5690632448625579
179,0.6875,0.57498508261943
180,0.5703125,0.5747514534884586
181,0.2578125,0.5589045058140356
182,0.484375,0.5551780305233339
183,0.421875,0.5485128789971673
184,0.6640625,0.5542903600473089
185,0.65625,0.5593883420449435
186,0.5703125,0.5599345499426963
187,0.59375,0.5616253224455614
188,0.6640625,0.5667471813232833
189,0.578125,0.5673160722571191
190,0.328125,0.5553565186442632
191,0.609375,0.55805744271205
192,0.53125,0.5567170705764476
193,0.5234375,0.5550530920476252
194,0.6484375,0.559722312445244
195,0.3828125,0.5508768218229817
196,0.6875,0.5577079807318326
197,0.703125,0.5649788316952409
198,0.515625,0.5625111401104788
199,0.5234375,0.5605574581049548
200,0.796875,0.5723733351997071
201,0.578125,0.5726609184397218
202,0.609375,0.5744966225177357
203,0.671875,0.5793655413918488
204,0.578125,0.5793035143222564
205,0.65625,0.5831508386061436
206,0.578125,0.5828995466758364
207,0.4453125,0.5760201943420447
208,0.5234375,0.5733910596249424
209,0.625,0.5759715066436952
210,0.578125,0.5760791813115105
211,0.515625,0.5730564722459349
212,0.59375,0.5740911486336381
213,0.65625,0.5781990912019562
214,0.6640625,0.5824922616418584
215,0.7109375,0.5889145235597655
216,0.6796875,0.5934531723817772
217,0.6171875,0.5946398887626884
218,0.5703125,0.593423519324554
219,0.671875,0.5973460933583263
220,0.6015625,0.5975569136904101
221,0.6484375,0.6001009430058896
222,0.6484375,0.6025177708555951
223,0.6484375,0.6048137573128154
224,0.75,0.6120730694471745
225,0.671875,0.6150631659748158
226,0.4453125,0.6065756326760751
227,0.4453125,0.5985124760422713
228,0.7109375,0.6041337272401577
229,0.5546875,0.6016614158781497
230,0.609375,0.6020470950842423
231,0.6796875,0.6059291153300301
232,0.7890625,0.6150857845635287
233,0.6640625,0.6175346203353522
234,0.671875,0.6202516393185846
235,0.546875,0.6165828073526554
236,0.5703125,0.6142692919850226
237,0.5,0.6085558273857714
238,0.65625,0.6109405360164828
239,0.7109375,0.6159403842156586
240,0.7109375,0.6206902400048757
241,0.5859375,0.618952603004632
242,0.609375,0.6184737228544004
243,0.3828125,0.6066906617116804
244,0.625,0.6076061286260963
245,0.3515625,0.5948039471947915
246,0.734375,0.6017824998350518
247,0.7109375,0.6072402498432992
248,0.7890625,0.6163313623511342
249,0.40625,0.6058272942335775
250,0.6015625,0.6056140545218986
251,0.7265625,0.6116614767958037
252,0.6015625,0.6111565279560136
253,0.6796875,0.614583076558213
254,0.8203125,0.6248695477303023
255,0.5703125,0.6221416953437873
256,0.734375,0.6277533605765979
257,0.421875,0.617459442547768
258,0.609375,0.6170552204203796
259,0.7421875,0.6233118343993607
260,0.7578125,0.6300368676793927
261,0.6015625,0.6286131492954231
262,0.5625,0.625307491830652
263,0.4921875,0.6186514922391194
264,0.8671875,0.6310782926271635
265,0.6640625,0.6327275029958053
266,0.4453125,0.623356752846015
267,0.6171875,0.6230482902037142
268,0.5546875,0.6196302506935285
269,0.703125,0.6238049881588521
270,0.4375,0.6144897387509094
271,0.8515625,0.6263433768133639
272,0.5859375,0.6243230829726957
273,0.78125,0.6321694288240609
274,0.625,0.6318109573828579
275,0.65625,0.6330329095137149
276,0.609375,0.6318500140380292
277,0.375,0.6190075133361278
278,0.4921875,0.6126665126693215
279,0.5546875,0.6097675620358554
280,0.734375,0.6159979339340625
281,0.515625,0.6109792872373594
282,0.71875,0.6163678228754914
283,0.6796875,0.6195338067317169
284,0.625,0.619807116395131
285,0.6171875,0.6196761355753744
286,0.7265625,0.6250204537966056
287,0.796875,0.6336131811067754
288,0.421875,0.6230262720514367
289,0.6171875,0.6227343334488649
290,0.65625,0.6244101167764217
291,0.625,0.6244396109376006
292,0.578125,0.6221238803907205
293,0.75,0.6285176863711845
294,0.515625,0.6228730520526252
295,0.6484375,0.624151274449994
296,0.3671875,0.6113030857274943
297,0.6015625,0.6108160564411196
298,0.984375,0.6294940036190637
299,0.7734375,0.6366911784381105
300,0.7734375,0.643528494516205
301,0.6875,0.6457270697903947
302,0.6796875,0.647425091300875
303,0.5,0.6400538367358313
304,0.1640625,0.6162542698990396
305,0.6015625,0.6155196814040877
306,0.6015625,0.6148218223338834
307,0.6640625,0.6172838562171892
308,0.5234375,0.6125915384063297
309,0.7109375,0.6175088364860133
310,0.8125,0.6272583946617126
311,0.6484375,0.628317349928627
312,0.703125,0.6320577324321957
313,0.484375,0.6246735958105859
314,0.5078125,0.6188305410200566
315,0.515625,0.6136702639690538
316,0.7109375,0.6185336257706011
317,0.71875,0.6235444444820711
318,0.6875,0.6267422222579676
319,0.6171875,0.6262644861450692
320,0.5625,0.6230762618378158
321,0.7265625,0.6282505737459251
322,0.8046875,0.6370724200586289
323,0.6875,0.6395937990556975
324,0.6640625,0.6408172341029126
325,0.65625,0.641588872397767
326,0.5859375,0.6388063037778786
327,0.5703125,0.6353816135889847
328,0.7890625,0.6430656579095355
329,0.484375,0.6351311250140588
330,0.515625,0.6291558187633558
331,0.6328125,0.629338652825188
332,0.5546875,0.6256060951839285
333,0.7109375,0.6298726654247322
334,0.546875,0.6257227821534955
335,0.46875,0.6178741430458207
336,0.6171875,0.6178398108935297
337,0.625,0.6181978203488532
338,0.6328125,0.6189285543314105
339,0.5234375,0.61415400161484
340,0.46875,0.606883801534098
341,0.6328125,0.608180236457393
342,0.4296875,0.5992555996345234
343,0.4453125,0.5915584446527973
344,0.6796875,0.5959648974201575
345,0.703125,0.6013229025491496
346,0.6171875,0.602116132421692
347,0.6484375,0.6044322008006074
348,0.7734375,0.612882465760577
349,0.7265625,0.6185664674725482
350,0.75,0.6251381440989208
351,0.6640625,0.6270843618939747
352,0.6484375,0.628152018799276
353,0.7578125,0.6346350428593122
354,0.6796875,0.6368876657163466
355,0.796875,0.6448870324305293
356,0.7890625,0.6520958058090027
357,0.7578125,0.6573816405185526
358,0.7109375,0.6600594334926251
359,0.546875,0.6544002118179938
360,0.5703125,0.6501958262270942
361,0.6484375,0.6501079099157394
362,0.8515625,0.6601806394199524
363,0.8203125,0.6681872324489547
364,0.5703125,0.663293495826507
365,0.5234375,0.6563006960351817
366,0.6875,0.6578606612334227
367,0.5546875,0.6527020031717515
368,0.7578125,0.657957528013164
369,0.5625,0.6531846516125058
370,0.4765625,0.6443535440318805
371,0.875,0.6558858668302865
372,0.75,0.6605915734887722
373,0.671875,0.6611557448143335
374,0.609375,0.6585667075736168
375,0.453125,0.6482946221949359
376,0.5625,0.6440048910851892
377,0.546875,0.6391483965309297
378,0.4921875,0.6318003517043832
379,0.7109375,0.6357572091191641
380,0.7265625,0.6402974736632059
381,0.5625,0.6364075999800456
382,0.453125,0.6272434699810433
383,0.609375,0.6263500464819911
384,0.640625,0.6270637941578916
385,0.75,0.633210604449997
386,0.515625,0.627331324227497
387,0.515625,0.6217460080161221
388,0.390625,0.610189957615316
389,0.6953125,0.6144460847345502
390,0.59375,0.6134112804978227
391,0.6484375,0.6151625914729315
392,0.5546875,0.6121388368992848
393,0.5,0.6065318950543206
394,0.640625,0.6082365503016046
395,0.46875,0.6012622227865244
396,0.7421875,0.6083084866471982
397,0.671875,0.6114868123148383
398,0.609375,0.6113812216990964
399,0.7578125,0.6187027856141416
400,0.6796875,0.6217520213334345
401,0.7265625,0.6269925452667628
402,0.6484375,0.6280647930034248
403,0.625,0.6279115533532535
404,0.71875,0.632453475685591
405,0.671875,0.6344245519013114
406,0.75,0.6402033243062459
407,0.65625,0.6410056580909337
408,0.734375,0.645674125186387
409,0.6015625,0.6434685439270676
410,0.7265625,0.6476232417307143
411,0.5,0.6402420796441786
412,0.703125,0.6433862256619696
413,0.59375,0.640904414378871
414,0.765625,0.6471404436599275
415,0.3671875,0.6331427964769312
416,0.578125,0.6303919066530846
417,0.7890625,0.6383254363204305
418,0.71875,0.642346664504409
419,0.6640625,0.6434324562791885
420,0.6328125,0.6429014584652291
421,0.59375,0.6404438855419675
422,0.8125,0.6490466912648691
423,0.3671875,0.6349537317016257
424,0.609375,0.6336747951165445
425,0.8125,0.6426160553607172
426,0.71875,0.6464227525926813
427,0.671875,0.6476953649630472
428,0.625,0.6465605967148949
429,0.5703125,0.6427481918791501
430,0.796875,0.6504545322851927
431,0.625,0.649181805670933
432,0.640625,0.6487539653873864
433,0.4765625,0.640144392118017
434,0.390625,0.6276684225121161
435,0.4765625,0.6201131263865102
436,0.875,0.6328574700671847
437,0.625,0.6324645965638255
438,0.5703125,0.6293569917356342
439,0.734375,0.6346078921488525
440,0.703125,0.6380337475414098
441,0.546875,0.6334758101643393
442,0.640625,0.6338332696561224
443,0.9375,0.6490166061733162
444,0.5703125,0.6450814008646505
445,0.8203125,0.6538429558214179
446,0.671875,0.654744558030347
447,0.78125,0.6610698301288297
448,0.8046875,0.6682507136223882
449,0.7421875,0.6719475529412687
450,0.71875,0.6742876752942053
451,0.734375,0.6772920415294951
452,0.6953125,0.6781930644530203
453,0.7265625,0.6806115362303693
454,0.5390625,0.6735340844188509
455,0.59375,0.6695448801979083
456,0.796875,0.6759113861880128
457,0.609375,0.6725845668786122
458,0.671875,0.6725490885346816
459,0.671875,0.6725153841079476
460,0.4765625,0.6627177399025502
461,0.671875,0.6631756029074227
462,0.7109375,0.6655636977620516
463,0.734375,0.669004262873949
464,0.8515625,0.6781321747302516
465,0.7109375,0.6797724409937389
466,0.6796875,0.679768193944052
467,0.5859375,0.6750766592468493
468,0.6015625,0.6714009512845069
469,0.5234375,0.6640027787202817
470,0.859375,0.6737713897842675
471,0.59375,0.6697703202950541
472,0.7109375,0.6718286792803014
473,0.6796875,0.6722216203162864
474,0.71875,0.6745480393004721
475,0.625,0.6720706373354485
476,0.59375,0.668154605468676
477,0.640625,0.6667781251952423
478,0.5625,0.6615642189354802
479,0.78125,0.6675485079887062
480,0.7734375,0.6728429575892709
481,0.6875,0.6735758097098073
482,0.5625,0.668022019224317
483,0.6796875,0.6686052932631013
484,0.6640625,0.6683781535999461
485,0.7421875,0.6720686209199488
486,0.5703125,0.6669808148739513
487,0.609375,0.6641005241302538
488,0.734375,0.6676142479237411
489,0.8515625,0.676811660527554
490,0.7578125,0.6808617025011764
491,0.7421875,0.6839279923761176
492,0.6171875,0.6805909677573116
493,0.984375,0.6957801693694461
494,0.7421875,0.6981005359009738
495,0.7578125,0.7010861341059251
496,0.75,0.7035318274006288
497,0.796875,0.7081989860305974
498,0.546875,0.7001327867290675
499,0.6875,0.6995011473926142
500,0.71875,0.7004635900229835
501,0.6796875,0.6994247855218344
502,0.8671875,0.7078129212457427
503,0.7265625,0.7087504001834556
504,0.5390625,0.7002660051742828
505,0.6640625,0.6984558299155686
506,0.6953125,0.6982986634197902
507,0.734375,0.7001024802488006
508,0.6171875,0.6959567312363606
509,0.6875,0.6955338946745426
510,0.484375,0.6849759499408156
511,0.859375,0.6936959024437748
512,0.546875,0.686354857321586
513,0.7578125,0.6899277394555067
514,0.7109375,0.6909782274827314
515,0.6328125,0.6880699411085948
516,0.6796875,0.687650819053165
517,0.7734375,0.6919401531005068
518,0.4765625,0.6811712704454814
519,0.6328125,0.6787533319232073
520,0.546875,0.6721594153270469
521,0.6484375,0.6709733195606946
522,0.6875,0.6717996535826599
523,0.828125,0.6796159209035268
524,0.6875,0.6800101248583506
525,0.8046875,0.6862439936154331
526,0.515625,0.6777130439346614
527,0.6796875,0.6778117667379283
528,0.6875,0.678296178401032
529,0.5078125,0.6697719944809803
530,0.5859375,0.6655802697569313
531,0.515625,0.6580825062690847
532,0.7890625,0.6646315059556305
533,0.609375,0.661868680657849
534,0.734375,0.6654939966249566
535,0.484375,0.6564380467937088
536,0.4921875,0.6482255194540233
537,0.5,0.6408142434813221
538,0.5625,0.636898531307256
539,0.8203125,0.6460692297418932
540,0.7890625,0.6532188932547984
541,0.6875,0.6549329485920585
542,0.515625,0.6479675511624555
543,0.6015625,0.6456472986043328
544,0.8125,0.6539899336741162
545,0.7265625,0.6576185619904104
546,0.765625,0.6630188838908898
547,0.3984375,0.6497898146963452
548,0.7421875,0.6544096989615279
549,0.703125,0.6568454640134515
550,0.6875,0.6583781908127789
551,0.7265625,0.6617874062721399
552,0.8359375,0.670494910958533
553,0.9921875,0.6865795404106063
554,0.5703125,0.680766188390076
555,0.65625,0.6795403789705722
556,0.71875,0.6815008600220436
557,0.71875,0.6833633170209414
558,0.453125,0.6718514011698944
559,0.4375,0.6601338311113997
560,0.7734375,0.6657990145558297
561,0.6328125,0.6641496888280382
562,0.7890625,0.6703953293866363
563,0.6875,0.6712505629173044
564,0.7265625,0.6740161597714392
565,0.59375,0.6700028517828672
566,0.859375,0.6794714591937239
567,0.5546875,0.6732322612340377
568,0.6015625,0.6696487731723358
569,0.8046875,0.6764007095137191
570,0.7109375,0.6781275490380332
571,0.4375,0.6660961715861314
572,0.65625,0.6656038630068248
573,0.5390625,0.6592767948564836
574,0.4765625,0.6501410801136593
575,0.4765625,0.6414621511079763
576,0.6484375,0.6418109185525775
577,0.5703125,0.6382359976249486
578,0.4921875,0.6309335727437012
579,0.671875,0.6329806441065162
580,0.6484375,0.6337534869011904
581,0.6484375,0.6344876875561308
582,0.7890625,0.6422164281783243
583,0.5078125,0.6354962317694081
584,0.859375,0.6466901701809377
585,0.7109375,0.6499025366718907
586,0.484375,0.6416261598382962
587,0.6953125,0.6443104768463813
588,0.6875,0.6464699530040623
589,0.6875,0.6485214553538592
590,0.53125,0.6426578825861663
591,0.5859375,0.639821863456858
592,0.7578125,0.6457213952840152
593,0.7265625,0.6497634505198144
594,0.8125,0.6579002779938237
595,0.796875,0.6648490140941326
596,0.6015625,0.661684688389426
597,0.8046875,0.6688348289699547
598,0.6875,0.669768087521457
599,0.8671875,0.6796390581453842
600,0.90625,0.690969605238115
601,0.609375,0.6868898749762092
602,0.7734375,0.6912172562273987
603,0.75,0.6941563934160289
604,0.8125,0.7000735737452274
605,0.6640625,0.698273020057966
606,0.6875,0.6977343690550677
607,0.546875,0.6901914006023143
608,0.609375,0.6861505805721986
609,0.59375,0.6815305515435885
610,0.875,0.6912040239664091
611,0.8671875,0.7000031977680887
612,0.6640625,0.6982061628796843
613,0.75,0.7007958547357
614,0.7421875,0.702865436998915
615,0.6875,0.7020971651489692
616,0.5,0.6919923068915208
617,0.5859375,0.6866895665469447
618,0.4921875,0.6769644632195975
619,0.7265625,0.6794443650586176
620,0.7421875,0.6825815218056867
621,0.5859375,0.6777493207154023
622,0.6875,0.6782368546796321
623,0.703125,0.6794812619456505
624,0.7109375,0.6810540738483679
625,0.6875,0.6813763701559495
626,0.8125,0.687932551648152
627,0.5703125,0.6820515490657445
628,0.7890625,0.6874020966124572
629,0.5859375,0.6823288667818344
630,0.3984375,0.6681342984427426
631,0.734375,0.6714463335206055
632,0.7421875,0.6749833918445751
633,0.7109375,0.6767810972523465
634,0.6015625,0.6730201673897291
635,0.53125,0.6659316590202427
636,0.5,0.6576350760692306
637,0.7578125,0.662643947265769
638,0.84375,0.6716992499024806
639,0.5,0.6631142874073566
640,0.5234375,0.6561304480369887
641,0.6875,0.6576989256351393
642,0.71875,0.6607514793533824
643,0.84375,0.6699014053857133
644,0.625,0.6676563351164276
645,0.7109375,0.6698203933606062
646,0.7578125,0.6742199986925759
647,0.625,0.6717589987579471
648,0.8359375,0.6799679238200498
649,0.8125,0.6865945276290473
650,0.5703125,0.6807804262475949
651,0.765625,0.6850226549352152
652,0.6875,0.6851465221884544
653,0.5078125,0.6762798210790316
654,0.7890625,0.6819189550250799
655,0.6796875,0.681807382273826
656,0.71875,0.6836545131601347
657,0.671875,0.683065537502128
658,0.796875,0.6887560106270216
659,0.8359375,0.6961150850956705
660,0.5546875,0.6890437058408869
661,0.6796875,0.6885758955488426
662,0.7421875,0.6912564757714004
663,0.671875,0.6902874019828305
664,0.5625,0.6838980318836889
665,0.7578125,0.6875937552895045
666,0.6015625,0.6832921925250293
667,0.4609375,0.6721744578987778
668,0.7421875,0.675675110003839
669,0.6640625,0.675094479503647
670,0.5546875,0.6690741305284645
671,0.6171875,0.6664797990020414
672,0.625,0.6644058090519392
673,0.6875,0.6655605185993423
674,0.625,0.6635324926693752
675,0.8046875,0.6705902430359064
676,0.875,0.6808107308841111
677,0.6015625,0.6768483193399056
678,0.6796875,0.6769902783729104
679,0.65625,0.6759532644542648
680,0.75,0.6796556012315516
681,0.6796875,0.679657196169974
682,0.53125,0.6722368363614754
683,0.8203125,0.6796406195434016
684,0.796875,0.6855023385662316
685,0.7109375,0.6867740966379199
686,0.609375,0.6829041418060239
687,0.8203125,0.6897745597157227
688,0.734375,0.6920045817299365
689,0.4453125,0.6796699776434397
690,0.546875,0.6730302287612677
691,0.5625,0.6675037173232043
692,0.78125,0.6731910314570441
693,0.6875,0.6739064798841918
694,0.5390625,0.6671642808899823
695,0.65625,0.6666185668454832
696,0.53125,0.6598501385032091
697,0.5546875,0.6545920065780485
698,0.6875,0.6562374062491461
699,0.5625,0.6515505359366888
700,0.65625,0.6517855091398543
701,0.625,0.6504462336828616
702,0.75,0.6554239219987186
703,0.6328125,0.6542933508987826
704,0.6328125,0.6532193083538435
705,0.765625,0.6588395929361512
706,0.5546875,0.6536319882893437
707,0.671875,0.6545441388748765
708,0.859375,0.6647856819311326
709,0.7578125,0.6694370228345761
710,0.796875,0.6758089216928473
711,0.5625,0.670143475608205
712,0.796875,0.6764800518277948
713,0.46875,0.6660935492364051
714,0.7890625,0.6722419967745847
715,0.5859375,0.6679267719358555
716,0.625,0.6657804333390627
717,0.5859375,0.6617882866721095
718,0.578125,0.6576051223385041
719,0.9375,0.6715998662215789
720,0.546875,0.6653636229104999
721,0.65625,0.6649079417649749
722,0.5625,0.6597875446767262
723,0.78125,0.6658606674428899
724,0.6328125,0.6642082590707453
725,0.6484375,0.663419721117208
726,0.4375,0.6521237350613476
727,0.796875,0.6593612983082803
728,0.6875,0.6607682333928663
729,0.53125,0.6542923217232229
730,0.6875,0.6559527056370618
731,0.6640625,0.6563581953552087
732,0.71875,0.6594777855874483
733,0.9296875,0.6729882713080759
734,0.6875,0.6737138577426721
735,0.6875,0.6744031648555385
736,0.6484375,0.6731048816127616
737,0.625,0.6706996375321235
738,0.78125,0.6762271556555173
739,0.765625,0.6806970478727414
740,0.78125,0.6857246954791043
741,0.8203125,0.6924540857051491
742,0.5703125,0.6863470064198917
743,0.6171875,0.6828890310988971
744,0.4140625,0.6694477045439523
745,0.7734375,0.6746471943167547
746,0.5859375,0.6702117096009169
747,0.453125,0.659357374120871
748,0.5859375,0.6556863804148274
749,0.828125,0.664308311394086
750,0.5546875,0.6588272708243816
751,0.828125,0.6672921572831625
752,0.6328125,0.6655681744190043
753,0.6015625,0.6623678906980541
754,0.78125,0.6683119961631514
755,0.6640625,0.6680995213549938
756,0.8046875,0.6749289202872442
757,0.859375,0.6841512242728819
758,0.7578125,0.6878342880592379
759,0.7421875,0.6905519486562759
760,0.7734375,0.694696226223462
761,0.640625,0.691992664912289
762,0.7109375,0.6929399066666746
763,0.5546875,0.6860272863333409
764,0.5078125,0.6771165470166738
765,0.6640625,0.6764638446658401
766,0.4921875,0.6672500274325481
767,0.671875,0.6674812760609208
768,0.7109375,0.6696540872578747
769,0.625,0.6674213828949809
770,0.6953125,0.6688159387502318
771,0.4453125,0.6576407668127202
772,0.671875,0.6583524784720842
773,0.828125,0.6668411045484801
774,0.7109375,0.669045924321056
775,0.8359375,0.6773905031050033
776,0.578125,0.6724272279497531
777,0.625,0.6700558665522653
778,0.75,0.6740530732246521
779,0.6875,0.6747254195634196
780,0.921875,0.6870828985852486
781,0.65625,0.6855412536559862
782,0.6015625,0.681342315973187
783,0.625,0.6785252001745276
784,0.6875,0.6789739401658011
785,0.625,0.6762752431575111
786,0.6171875,0.6733208559996355
787,0.6875,0.6740298131996538
788,0.9375,0.6872033225396711
789,0.8671875,0.6962025314126876
790,0.6171875,0.6922517798420532
791,0.8125,0.6982641908499505
792,0.8828125,0.707491606307453
793,0.8515625,0.7146951509920804
794,0.7578125,0.7168510184424763
795,0.9140625,0.7267115925203526
796,0.734375,0.727094762894335
797,0.8046875,0.7309743997496182
798,0.7734375,0.7330975547621372
799,0.453125,0.7190989270240303
800,0.6875,0.7175189806728288
801,0.8359375,0.7234399066391874
802,0.8125,0.7278929113072281
803,0.7421875,0.7286076407418667
804,0.78125,0.7312397587047733
805,0.78125,0.7337402707695346
806,0.84375,0.7392407572310579
807,0.6796875,0.736263094369505
808,0.6328125,0.7310905646510297
809,0.7734375,0.7332079114184782
810,0.765625,0.7348287658475543
811,0.7421875,0.7351967025551766
812,0.734375,0.7351556174274178
813,0.7265625,0.7347259615560469
814,0.703125,0.7331459134782445
815,0.7109375,0.7320354928043322
816,0.75,0.7329337181641156
817,0.625,0.7275370322559097
818,0.6953125,0.7259258056431143
819,0.5625,0.7177545153609586
820,0.6171875,0.7127261645929106
821,0.796875,0.7169336063632651
822,0.6328125,0.7127275510451018
823,0.5,0.7020911734928467
824,0.8828125,0.7111272398182044
825,0.609375,0.7060396278272941
826,0.734375,0.7074563964359294
827,0.65625,0.7048960766141329
828,0.6484375,0.7020731477834262
829,0.703125,0.7021257403942549
830,0.7421875,0.7041288283745422
831,0.765625,0.7072036369558151
832,0.515625,0.6976247051080243
833,0.6640625,0.6959465948526231
834,0.7578125,0.699039890109992
835,0.7734375,0.7027597706044924
836,0.7421875,0.7047311570742677
837,0.71875,0.7054320992205544
838,0.7734375,0.7088323692595266
839,0.6953125,0.7081563757965503
840,0.7421875,0.7098579320067228
841,0.7734375,0.7130369104063866
842,0.734375,0.7141038148860672
843,0.7265625,0.7147267491417639
844,0.7734375,0.7176622866846757
845,0.6875,0.7161541723504419
846,0.765625,0.7186277137329198
847,0.78125,0.7217588280462738
848,0.7578125,0.7235615116439601
849,0.90625,0.7326959360617622
850,0.6640625,0.7292642642586741
851,0.453125,0.7154573010457403
852,0.6171875,0.7105438109934533
853,0.78125,0.7140791204437806
854,0.6171875,0.7092345394215916
855,0.6953125,0.708538437450512
856,0.4453125,0.6953771405779865
857,0.59375,0.6902957835490872
858,0.71875,0.6917184943716328
859,0.6796875,0.6911169446530512
860,0.6953125,0.6913267224203986
861,0.7578125,0.6946510112993787
862,0.796875,0.6997622107344098
863,0.546875,0.6921178501976892
864,0.7109375,0.6930588326878049
865,0.484375,0.6826246410534147
866,0.7109375,0.684040284000744
867,0.8125,0.6904632698007068
868,0.5390625,0.6828932313106715
869,0.8046875,0.6889829447451379
870,0.8125,0.695158797507881
871,0.5,0.6854008576324869
872,0.7109375,0.6866776897508626
873,0.7265625,0.6886719302633195
874,0.6796875,0.6882227087501536
875,0.7421875,0.6909209483126458
876,0.6796875,0.6903592758970136
877,0.671875,0.689435062102163
878,0.84375,0.6971508089970548
879,0.7421875,0.699402643547202
880,0.7265625,0.700760636369842
881,0.765625,0.70400385455135
882,0.7578125,0.7066942868237824
883,0.6796875,0.7053439474825933
884,0.6015625,0.7001548751084637
885,0.7265625,0.7014752563530405
886,0.65625,0.6992139935353885
887,0.6171875,0.6951126688586191
888,0.765625,0.6986382854156882
889,0.6953125,0.6984719961449037
890,0.8125,0.7041733963376585
891,0.734375,0.7056834765207756
892,0.78125,0.7094618026947368
893,0.6328125,0.7056293375599999
894,0.5,0.6953478706819999
895,0.734375,0.6972992271478998
896,0.6484375,0.6948561407905048
897,0.5703125,0.6886289587509796
898,0.5234375,0.6803693858134306
899,0.71875,0.6822884165227592
900,0.9296875,0.6946583706966212
901,0.703125,0.6950817021617901
902,0.5703125,0.6888432420537006
903,0.71875,0.6903385799510157
904,0.5703125,0.6843372759534649
905,0.6875,0.6844954121557917
906,0.703125,0.6854268915480021
907,0.671875,0.6847492969706019
908,0.6015625,0.6805899571220719
909,0.75,0.6840604592659683
910,0.8671875,0.6932168113026699
911,0.828125,0.6999622207375364
912,0.7890625,0.7044172347006596
913,0.7421875,0.7063057479656266
914,0.3203125,0.6870060855673452
915,0.6171875,0.683515156288978
916,0.6015625,0.6794175234745291
917,0.609375,0.6759153973008026
918,0.8125,0.6827446274357625
919,0.5859375,0.6779042710639743
920,0.765625,0.6822903075107756
921,0.609375,0.6786445421352368
922,0.65625,0.677524815028475
923,0.6875,0.6780235742770512
924,0.6875,0.6784973955631987
925,0.515625,0.6703537757850386
926,0.6796875,0.6708204619957867
927,0.6953125,0.6720450638959974
928,0.7578125,0.6763334357011975
929,0.625,0.6737667639161377
930,0.8125,0.6807034257203307
931,0.6328125,0.6783088794343142
932,0.6796875,0.6783778104625985
933,0.6953125,0.6792245449394686
934,0.578125,0.6741695676924951
935,0.859375,0.6834298393078704
936,0.921875,0.6953520973424768
937,0.6796875,0.6945688674753531
938,0.671875,0.6934341741015855
939,0.578125,0.6876687153965062
940,0.65625,0.6860977796266808
941,0.5625,0.6799178906453468
942,0.78125,0.6849844961130794
943,0.6953125,0.6855008963074255
944,0.6796875,0.6852102264920542
945,0.53125,0.6775122151674515
946,0.6875,0.6780116044090789
947,0.6015625,0.674189149188625
948,0.7734375,0.6791515667291937
949,0.78125,0.684256488392734
950,0.6640625,0.6832467889730973
951,0.7890625,0.6885375745244424
952,0.765625,0.6923919457982203
953,0.6640625,0.6909754735083092
954,0.796875,0.6962704498328938
955,0.6953125,0.6962225523412491
956,0.7421875,0.6985207997241866
957,0.625,0.6948447597379772
958,0.5625,0.6882275217510784
959,0.765625,0.6920973956635245
960,0.46875,0.6809300258803482
961,0.8125,0.6875085245863308
962,0.6328125,0.6847737233570143
963,0.7109375,0.6860819121891635
964,0.6796875,0.6857621915797053
965,0.390625,0.67100533200072
966,0.7109375,0.673001940400684
967,0.765625,0.6776330933806498
968,0.6640625,0.6769545637116173
969,0.640625,0.6751380855260365
970,0.7265625,0.6777093062497347
971,0.734375,0.6805425909372479
972,0.5078125,0.6719060863903855
973,0.734375,0.6750295320708662
974,0.5859375,0.6705749304673229
975,0.5546875,0.6647805589439567
976,0.609375,0.6620102809967588
977,0.75,0.6664097669469209
978,0.7265625,0.6694174035995749
979,0.59375,0.6656340334195961
980,0.6953125,0.6671179567486163
981,0.8125,0.6743870589111854
982,0.7265625,0.6769958309656262
983,0.6171875,0.6740054144173449
984,0.7890625,0.6797582686964776
985,0.7890625,0.6852234802616537
986,0.4921875,0.675571681248571
987,0.7734375,0.6804649721861424
988,0.7734375,0.6851135985768353
989,0.640625,0.6828891686479935
990,0.765625,0.6870259602155939
991,0.7890625,0.6921277872048142
992,0.8515625,0.7000995228445734
993,0.515625,0.6908757967023447
994,0.6328125,0.6879726318672273
995,0.59375,0.6832615002738659
996,0.6484375,0.6815203002601726
997,0.90625,0.6927567852471641
998,0.7890625,0.6975720709848059
999,0.875,0.7064434674355656
1000,0.7578125,0.7090119190637874
1001,0.6640625,0.7067644481105979
1002,0.8046875,0.711660600705068
1003,0.671875,0.7096713206698146
1004,0.6171875,0.7050471296363239
1005,0.671875,0.7033885231545076
1006,0.71875,0.7041565969967822
1007,0.65625,0.7017612671469431
1008,0.7734375,0.705345078789596
1009,0.625,0.7013278248501161
1010,0.625,0.6975114336076103
1011,0.7265625,0.6989639869272297
1012,0.640625,0.6960470375808683
1013,0.8046875,0.7014790607018249
1014,0.625,0.6976551076667336
1015,0.5546875,0.6905067272833968
1016,0.6875,0.690356390919227
1017,0.5234375,0.6820104463732657
1018,0.7578125,0.6858005490546024
1019,0.7421875,0.6886198966018723
1020,0.796875,0.6940326517717788
1021,0.515625,0.6851122691831898
1022,0.6171875,0.6817160307240303
1023,0.7734375,0.6863021041878288
1024,0.6796875,0.6859713739784373
1025,0.59375,0.6813603052795154
1026,0.5859375,0.6765891650155396
1027,0.6640625,0.6759628317647626
1028,0.7890625,0.6816178151765244
1029,0.7265625,0.6838650494176982
1030,0.8515625,0.6922499219468133
1031,0.8984375,0.7025593008494726
1032,0.609375,0.697900085806999
1033,0.65625,0.6958175815166491
1034,0.75,0.6985267024408166
1035,0.671875,0.6971941173187757
1036,0.8125,0.7029594114528369
1037,0.9296875,0.7142958158801951
1038,0.765625,0.7168622750861854
1039,0.6796875,0.7150035363318762
1040,0.75,0.7167533595152824
1041,0.59375,0.7106031915395182
1042,0.8046875,0.7153074069625424
1043,0.796875,0.7193857866144153
1044,0.4765625,0.7072446222836946
1045,0.5625,0.7000073911695098
1046,0.78125,0.7040695216110343
1047,0.796875,0.7087097955304826
1048,0.578125,0.7021805557539585
1049,0.75,0.7045715279662605
1050,0.6171875,0.7002023265679476
1051,0.875,0.7089422102395502
1052,0.6796875,0.7074794747275727
1053,0.6015625,0.7021836259911941
1054,0.671875,0.7006681946916344
1055,0.59375,0.6953222849570526
1056,0.671875,0.6941499207091999
1057,0.8359375,0.70123929967374
1058,0.640625,0.698208584690053
1059,0.625,0.6945481554555503
1060,0.7265625,0.6961488726827728
1061,0.84375,0.7035289290486342
1062,0.7890625,0.7078056075962025
1063,0.6796875,0.7063997022163924
1064,0.5546875,0.6988140921055727
1065,0.5703125,0.692389012500294
1066,0.8671875,0.7011289368752794
1067,0.75,0.7035724900315155
1068,0.5703125,0.6969094905299397
1069,0.6875,0.6964390160034427
1070,0.75,0.6991170652032705
1071,0.6875,0.698536211943107
1072,0.859375,0.7065781513459516
1073,0.84375,0.7134367437786541
1074,0.6171875,0.7086242815897213
1075,0.6171875,0.7040524425102352
1076,0.5859375,0.6981466953847234
1077,0.6328125,0.6948799856154871
1078,0.4296875,0.6816203613347127
1079,0.7890625,0.6869924682679771
1080,0.625,0.6838928448545782
1081,0.609375,0.6801669526118493
1082,0.6953125,0.6809242299812569
1083,0.7109375,0.6824248934821942
1084,0.796875,0.6881473988080845
1085,0.75,0.6912400288676803
1086,0.6796875,0.6906624024242963
1087,0.7734375,0.6948011573030815
1088,0.7890625,0.6995142244379273
1089,0.640625,0.696569763216031
1090,0.578125,0.6906475250552295
1091,0.6875,0.6904901488024681
1092,0.671875,0.6895593913623446
1093,0.65625,0.6878939217942274
1094,0.75,0.6909992257045161
1095,0.9296875,0.7029336394192903
1096,0.4296875,0.6892713324483257
1097,0.8125,0.6954327658259094
1098,0.6796875,0.694645502534614
1099,0.7578125,0.6978038524078833
1100,0.6640625,0.6961167847874892
1101,0.7890625,0.7007640705481146
1102,0.65625,0.6985383670207089
1103,0.6484375,0.6960333236696735
1104,0.6171875,0.6920910324861899
1105,0.5703125,0.6860021058618804
1106,0.796875,0.6915457505687864
1107,0.6875,0.6913434630403471
1108,0.671875,0.6903700398883297
1109,0.8046875,0.6960859128939132
1110,0.90625,0.7065941172492176
1111,0.8671875,0.7146237863867568
1112,0.7421875,0.716001972067419
1113,0.625,0.711451873464048
1114,0.671875,0.7094730297908456
1115,0.6796875,0.7079837533013034
1116,0.59375,0.7022720656362381
1117,0.7734375,0.7058303373544262
1118,0.859375,0.7135075704867049
1119,0.6171875,0.7086915669623697
1120,0.7890625,0.7127101136142513
1121,0.8125,0.7176996079335387
1122,0.6953125,0.7165802525368618
1123,0.8203125,0.7217668649100186
1124,0.859375,0.7286472716645177
1125,0.875,0.7359649080812919
1126,0.5234375,0.7253385376772273
1127,0.53125,0.715634110793366
1128,0.6171875,0.7107117802536977
1129,0.84375,0.7173636912410128
1130,0.8203125,0.7225111316789622
1131,0.7109375,0.7219324500950142
1132,0.546875,0.7131795775902634
1133,0.828125,0.7189268487107503
1134,0.8671875,0.7263398812752129
1135,0.65625,0.7228353872114522
1136,0.7109375,0.7222404928508797
1137,0.65625,0.7189409682083356
1138,0.671875,0.7165876697979188
1139,0.6640625,0.7139614113080228
1140,0.46875,0.7017008407426216
1141,0.8515625,0.7091939237054905
1142,0.828125,0.7151404775202159
1143,0.6328125,0.711024078644205
1144,0.4375,0.6973478747119948
1145,0.6953125,0.697246105976395
1146,0.8125,0.7030088006775753
1147,0.46875,0.6912958606436965
1148,0.5546875,0.6844654426115117
1149,0.75,0.6877421704809361
1150,0.78125,0.6924175619568893
1151,0.875,0.7015466838590448
1152,0.6796875,0.7004537246660927
1153,0.7734375,0.7041029134327881
1154,0.6953125,0.7036633927611486
1155,0.640625,0.7005114731230913
1156,0.71875,0.7014233994669368
1157,0.6640625,0.6995553544935899
1158,0.5625,0.6927025867689104
1159,0.625,0.6893174574304648
1160,0.6171875,0.6857109595589416
1161,0.6015625,0.6815035365809945
1162,0.78125,0.6864908597519448
1163,0.734375,0.6888850667643476
1164,0.703125,0.6895970634261301
1165,0.625,0.6863672102548236
1166,0.625,0.6832988497420824
1167,0.7265625,0.6854620322549784
1168,0.5703125,0.6797045556422294
1169,0.6796875,0.6797037028601179
1170,0.9375,0.692593517717112
1171,0.640625,0.6899950918312564
1172,0.6328125,0.6871359622396935
1173,0.8359375,0.6945760391277089
1174,0.7265625,0.6961753621713235
1175,0.75,0.6988665940627572
1176,0.703125,0.6990795143596193
1177,0.75,0.7016255386416383
1178,0.984375,0.7157630117095565
1179,0.7421875,0.7170842361240786
1180,0.484375,0.7054487743178747
1181,0.796875,0.7100200856019809
1182,0.546875,0.7018628313218819
1183,0.875,0.7105196897557878
1184,0.4609375,0.6980405802679984
1185,0.875,0.7068885512545985
1186,0.7265625,0.7078722486918686
1187,0.8046875,0.7127130112572752
1188,0.7890625,0.7165304856944115
1189,0.8046875,0.720938336409691
1190,0.7890625,0.7243445445892065
1191,0.796875,0.7279710673597463
1192,0.75,0.7290725139917589
1193,0.5625,0.720743888292171
1194,0.5625,0.7128316938775624
1195,0.734375,0.7139088591836843
1196,0.625,0.7094634162245
1197,0.640625,0.7060214954132751
1198,0.78125,0.7097829206426113
1199,0.6484375,0.7067156496104807
1200,0.6484375,0.7038017421299567
1201,0.6484375,0.7010335300234589
1202,0.6484375,0.6984037285222859
1203,0.734375,0.7002022920961717
1204,0.734375,0.7019109274913631
1205,0.640625,0.698846631116795
1206,0.765625,0.7021855495609552
1207,0.984375,0.7162950220829075
1208,0.609375,0.7109490209787621
1209,0.7421875,0.712510944929824
1210,0.7265625,0.7132135226833328
1211,0.9296875,0.7240372215491662
1212,0.59375,0.7175228604717078
1213,0.6484375,0.7140685924481224
1214,0.7734375,0.7170370378257163
1215,0.71875,0.7171226859344305
1216,0.75,0.7187665516377091
1217,0.7265625,0.7191563490558236
1218,0.859375,0.7261672816030323
1219,0.6953125,0.7246245425228807
1220,0.6015625,0.7184714403967367
1221,0.625,0.7137978683768998
1222,0.6953125,0.7128735999580549
1223,0.9375,0.7241049199601521
1224,0.875,0.7316496739621445
1225,0.5625,0.7231921902640374
1226,0.6953125,0.7217982057508355
1227,0.7265625,0.7220364204632937
1228,0.9375,0.732809599440129
1229,0.6875,0.7305441194681226
1230,0.75,0.7315169134947164
1231,0.6015625,0.7250191928199806
1232,0.875,0.7325182331789816
1233,0.6796875,0.7298766965200325
1234,0.75,0.7308828616940308
1235,0.625,0.7255887186093293
1236,0.640625,0.7213405326788629
1237,0.734375,0.7219922560449198
1238,0.65625,0.7187051432426738
1239,0.75,0.7202698860805401
1240,0.515625,0.7100376417765131
1241,0.4765625,0.6983638846876874
1242,0.9921875,0.7130550654533031
1243,0.84375,0.719589812180638
1244,0.75,0.7211103215716061
1245,0.7578125,0.7229454304930258
1246,0.7578125,0.7246887839683746
1247,0.8125,0.7290793447699558
1248,0.78125,0.731687877531458
1249,0.578125,0.7240097336548851
1250,0.8828125,0.7319498719721408
1251,0.4375,0.7172273783735337
1252,0.4453125,0.703631634454857
1253,0.7734375,0.7071219277321141
1254,0.7265625,0.7080939563455084
1255,0.546875,0.700033008528233
1256,0.75,0.7025313581018213
1257,0.6796875,0.7013891651967303
1258,0.7578125,0.7042103319368939
1259,0.484375,0.6932185653400492
1260,0.875,0.7023076370730468
1261,0.8203125,0.7082078802193944
1262,0.578125,0.7017037362084246
1263,0.625,0.6978685493980034
1264,0.875,0.7067251219281032
1265,0.5,0.696388865831698
1266,0.8984375,0.7064912975401131
1267,0.7109375,0.7067136076631075
1268,0.6640625,0.7045810522799522
1269,0.9375,0.7162269996659545
1270,0.8359375,0.7222125246826568
1271,0.8046875,0.726336273448524
1272,0.6875,0.7243944597760978
1273,0.7890625,0.7276278617872929
1274,0.53125,0.7178089686979282
1275,0.5703125,0.7104341452630318
1276,0.6484375,0.7073343129998803
1277,0.7734375,0.7106394723498862
1278,0.7265625,0.7114356237323919
1279,0.78125,0.7149263425457723
1280,0.65625,0.7119925254184837
1281,0.7109375,0.7119397741475595
1282,0.53125,0.7029052854401815
1283,0.8828125,0.7119006461681724
1284,0.5,0.7013056138597638
1285,0.7734375,0.7049122081667756
1286,0.78125,0.7087290977584367
1287,0.859375,0.7162613928705148
1288,0.671875,0.714042073226989
1289,0.5078125,0.7037305945656395
1290,0.671875,0.7021378148373576
1291,0.8515625,0.7096090490954897
1292,0.7109375,0.7096754716407152
1293,0.6171875,0.7050510730586794
1294,0.5546875,0.6975328944057454
1295,0.6640625,0.6958593746854581
1296,0.6875,0.6954414059511852
1297,0.703125,0.695825585653626
1298,0.7265625,0.6973624313709447
1299,0.578125,0.6914005598023975
1300,0.6328125,0.6884711568122776
1301,0.5625,0.6821725989716637
1302,0.8125,0.6886889690230805
1303,0.6875,0.6886295205719265
1304,0.640625,0.6862292945433303
1305,0.5546875,0.6796522048161637
1306,0.7578125,0.6835602195753556
1307,0.7578125,0.6872728335965879
1308,0.59375,0.6825966919167584
1309,0.734375,0.6851856073209205
1310,0.75,0.6884263269548745
1311,0.8515625,0.6965831356071308
1312,0.6015625,0.6918321038267743
1313,0.671875,0.6908342486354355
1314,0.859375,0.6992612862036637
1315,0.890625,0.7088294718934804
1316,0.578125,0.7022942482988064
1317,0.71875,0.7031170358838661
1318,0.6484375,0.7003830590896728
1319,0.640625,0.6973951561351892
1320,0.71875,0.6984628983284298
1321,0.875,0.7072897534120083
1322,0.7109375,0.707472140741408
1323,0.6953125,0.7068641587043376
1324,0.6875,0.7058959507691207
1325,0.8125,0.7112261532306646
1326,0.65625,0.7084773455691313
1327,0.84375,0.7152409782906748
1328,0.4609375,0.7025258043761411
1329,0.8125,0.708024514157334
1330,0.796875,0.7124670384494673
1331,0.8515625,0.719421811526994
1332,0.53125,0.7100132209506443
1333,0.6015625,0.7045906849031122
1334,0.8515625,0.7119392756579566
1335,0.5546875,0.7040766868750586
1336,0.5625,0.6969978525313058
1337,0.6875,0.6965229599047404
1338,0.8046875,0.7019311869095034
1339,0.9296875,0.7133190025640282
1340,0.6171875,0.7085124274358269
1341,0.671875,0.7066805560640355
1342,0.7578125,0.7092371532608337
1343,0.8984375,0.718697170597792
1344,0.7421875,0.7198716870679024
1345,0.5,0.7088781027145072
1346,0.6640625,0.7066373225787819
1347,0.703125,0.7064617064498427
1348,0.6640625,0.7043417461273506
1349,0.8125,0.7097496588209831
1350,0.8359375,0.7160590508799339
1351,0.828125,0.7216623483359372
1352,0.6796875,0.7195636059191404
1353,0.65625,0.7163979256231834
1354,0.7109375,0.7161249043420241
1355,0.5703125,0.708834284124923
1356,0.46875,0.6968300699186768
1357,0.7734375,0.700660441422743
1358,0.8359375,0.7074242943516058
1359,0.75,0.7095530796340255
1360,0.75,0.7115754256523241
1361,0.5,0.7009966543697079
1362,0.5625,0.6940718216512226
1363,0.796875,0.6992119805686615
1364,0.5625,0.6923763815402285
1365,0.6796875,0.6917419374632171
1366,0.7578125,0.6950454655900563
1367,0.8125,0.7009181923105535
1368,0.8125,0.7064972826950259
1369,0.515625,0.6969536685602745
1370,0.578125,0.6910122351322607
1371,0.6328125,0.6881022483756476
1372,0.84375,0.6958846359568652
1373,0.6015625,0.691168529159022
1374,0.5625,0.684735102701071
1375,0.7265625,0.6868264725660175
1376,0.84375,0.6946726489377166
1377,0.625,0.6911890164908308
1378,0.6484375,0.6890514406662892
1379,0.328125,0.6710051186329747
1380,0.921875,0.683548612701326
1381,0.9375,0.6962461820662598
1382,0.7265625,0.6977619979629468
1383,0.6328125,0.6945145230647994
1384,0.6875,0.6941637969115595
1385,0.6328125,0.6910962320659815
1386,0.71875,0.6924789204626824
1387,0.828125,0.6992612244395484
1388,0.65625,0.697110663217571
1389,0.7890625,0.7017082550566924
1390,0.765625,0.7049040923038579
1391,0.6875,0.704033887688665
1392,0.8125,0.7094571933042317
1393,0.9296875,0.7204687086390201
1394,0.8671875,0.7278046482070691
1395,0.7109375,0.7269612907967158
1396,0.75,0.7281132262568799
1397,0.625,0.7229575649440358
1398,0.6171875,0.7176690616968341
1399,0.875,0.7255356086119924
1400,0.828125,0.7306650781813928
1401,0.8515625,0.7367099492723231
1402,0.7265625,0.736202576808707
1403,0.7265625,0.7357205729682718
1404,0.7578125,0.7368251693198582
1405,0.6328125,0.7316245358538652
1406,0.75,0.7325433090611719
1407,0.890625,0.7404473936081133
1408,0.75,0.7409250239277076
1409,0.8125,0.7445037727313223
1410,0.78125,0.7463410840947562
1411,0.9375,0.7558990298900183
1412,0.6875,0.7524790783955174
1413,0.609375,0.7453238744757416
1414,0.6953125,0.7428233057519544
1415,0.875,0.7494321404643568
1416,0.671875,0.745554283441139
1417,0.4453125,0.7305421942690822
1418,0.5390625,0.720968209555628
1419,0.734375,0.7216385490778466
1420,0.71875,0.7214941216239543
1421,0.5,0.7104194155427566
1422,0.625,0.7061484447656187
1423,0.7421875,0.7079503975273377
1424,0.625,0.7038028776509707
1425,0.875,0.7123627337684222
1426,0.609375,0.707213347080001
1427,0.8046875,0.712087054726001
1428,0.7109375,0.7120295769897009
1429,0.7421875,0.7135374731402159
1430,0.6875,0.7122355994832051
1431,0.8671875,0.7199831945090449
1432,0.8046875,0.7242184097835926
1433,0.609375,0.7184762392944131
1434,0.6328125,0.7141930523296923
1435,0.6953125,0.7132490247132077
1436,0.8203125,0.7186021984775474
1437,0.625,0.71392208855367
1438,0.8125,0.7188509841259865
1439,0.6328125,0.7145490599196871
1440,0.875,0.7225716069237028
1441,0.59375,0.7161305265775176
1442,0.5,0.7053240002486417
1443,0.546875,0.6974015502362096
1444,0.734375,0.6992502227243992
1445,0.578125,0.6931939615881793
1446,0.5703125,0.6870498885087704
1447,0.5703125,0.6812130190833319
1448,0.6875,0.6815273681291653
1449,0.75,0.684950999722707
1450,0.7421875,0.6878128247365717
1451,0.703125,0.688578433499743
1452,0.703125,0.6893057618247558
1453,0.7890625,0.6942935987335179
1454,0.734375,0.6962976687968421
1455,0.6484375,0.6939046603569999
1456,0.5,0.6842094273391499
1457,0.7265625,0.6863270809721924
1458,0.6328125,0.6836513519235827
1459,0.5078125,0.6748594093274035
1460,0.7578125,0.6790070638610334
1461,0.84375,0.6872442106679817
1462,0.6953125,0.6876476251345826
1463,0.7734375,0.6919371188778534
1464,0.625,0.6885902629339606
1465,0.875,0.6979107497872626
1466,0.609375,0.6934839622978995
1467,0.8671875,0.7021691391830046
1468,0.4453125,0.6893263072238545
1469,0.609375,0.6853287418626618
1470,0.9375,0.6979373047695286
1471,0.8671875,0.7063998145310523
1472,0.7734375,0.7097516988044996
1473,0.984375,0.7234828638642747
1474,0.6796875,0.721293095671061
1475,0.8046875,0.725462815887508
1476,0.6875,0.7235646750931327
1477,0.875,0.7311364413384761
1478,0.5390625,0.7215327442715523
1479,0.578125,0.7143623570579747
1480,0.734375,0.7153629892050759
1481,0.609375,0.7100635897448221
1482,0.609375,0.705029160257581
1483,0.59375,0.6994652022447019
1484,0.671875,0.6980856921324667
1485,0.9375,0.7100564075258434
1486,0.625,0.7058035871495513
1487,0.8046875,0.7107477827920737
1488,0.6328125,0.70685101865247
1489,0.75,0.7090084677198465
1490,0.4140625,0.6942611693338542
1491,1.0,0.7095481108671615
1492,0.625,0.7053207053238034
1493,0.7265625,0.7063827950576133
1494,0.8203125,0.7120792803047326
1495,0.9375,0.7233503162894959
1496,0.78125,0.726245300475021
1497,0.7578125,0.72782366045127
1498,0.453125,0.7140887274287065
1499,0.984375,0.7276030410572712
1500,0.6875,0.7255978890044077
1501,0.875,0.7330679945541874
1502,0.6875,0.730789594826478
1503,0.6171875,0.7251094900851541
1504,0.734375,0.7255727655808965
1505,0.7265625,0.7256222523018516
1506,0.6328125,0.720981764686759
1507,0.6875,0.7193076764524211
1508,0.8671875,0.7267016676298002
1509,0.703125,0.7255228342483101
1510,0.8203125,0.7302623175358945
1511,0.75,0.7312492016590999
1512,0.6796875,0.7286711165761449
1513,0.5078125,0.7176281857473377
1514,0.8046875,0.7219811514599708
1515,0.5859375,0.7151789688869722
1516,0.53125,0.7059825204426236
1517,0.84375,0.7128708944204923
1518,0.6328125,0.7088679746994677
1519,0.640625,0.7054558259644944
1520,0.8359375,0.7119799096662697
1521,0.8984375,0.7213027891829562
1522,0.6796875,0.7192220247238085
1523,0.6484375,0.7156827984876181
1524,0.75,0.7173986585632373
1525,0.8203125,0.7225443506350754
1526,0.484375,0.7106358831033216
1527,0.8125,0.7157290889481555
1528,0.875,0.7236926345007477
1529,0.765625,0.7257892527757104
1530,0.7421875,0.7266091651369249
1531,0.4375,0.7121537068800786
1532,0.6875,0.7109210215360747
1533,0.5625,0.703499970459271
1534,0.703125,0.7034812219363075
1535,0.734375,0.7050259108394921
1536,0.5859375,0.6990714902975175
1537,0.8671875,0.7074772907826417
1538,0.671875,0.7056971762435096
1539,0.5703125,0.6989279424313342
1540,0.75,0.7014815453097674
1541,0.7734375,0.705079343044279
1542,0.8671875,0.7131847508920651
1543,0.6328125,0.7091661383474618
1544,0.765625,0.7119890814300887
1545,0.671875,0.7099833773585842
1546,0.6484375,0.706906083490655
1547,0.796875,0.7114045293161223
1548,0.8515625,0.7184124278503162
1549,0.578125,0.7113980564578004
1550,0.625,0.7070781536349103
1551,0.6484375,0.7041461209531649
1552,0.71875,0.7048763149055066
1553,0.625,0.7008824991602313
1554,0.765625,0.7041196242022197
1555,0.5234375,0.6950855179921088
1556,0.8359375,0.7021281170925034
1557,0.6875,0.7013967112378783
1558,0.8515625,0.7089050006759844
1559,0.8125,0.7140847506421851
1560,0.6796875,0.7123648881100759
1561,0.6640625,0.709949768704572
1562,0.5078125,0.6998429052693435
1563,0.8046875,0.7050851350058763
1564,0.6953125,0.7045965032555825
1565,0.8125,0.7099916780928034
1566,0.640625,0.7065233441881632
1567,0.875,0.7149471769787551
1568,0.4765625,0.7030279431298173
1569,0.7421875,0.7049859209733265
1570,0.453125,0.6923928749246602
1571,0.78125,0.6968357311784271
1572,0.796875,0.7018376946195058
1573,0.6484375,0.6991676848885305
1574,0.6875,0.698584300644104
1575,0.4453125,0.6859207106118989
1576,0.7421875,0.6887340500813038
1577,0.4921875,0.6789067225772386
1578,0.78125,0.6840238864483766
1579,0.875,0.6935726921259578
1580,0.765625,0.69717530751966
1581,0.859375,0.705285292143677
1582,0.9921875,0.7196304025364931
1583,0.8046875,0.7238832574096685
1584,0.9921875,0.7372984695391851
1585,0.796875,0.7402772960622259
1586,0.6640625,0.7364665562591146
1587,0.6171875,0.7305026034461589
1588,0.7421875,0.731086848273851
1589,0.859375,0.7375012558601584
1590,0.8125,0.7412511930671505
1591,0.4765625,0.7280167584137929
1592,0.578125,0.7205221704931032
1593,0.65625,0.717308561968448
1594,0.84375,0.7236306338700257
1595,0.7109375,0.7229959771765244
1596,0.796875,0.7266899283176982
1597,0.7734375,0.7290273069018133
1598,0.6328125,0.7242165665567225
1599,0.5625,0.7161307382288864
1600,0.6171875,0.7111835763174421
1601,0.75,0.71312439750157
1602,0.6796875,0.7114525526264915
1603,0.71875,0.711817424995167
1604,0.671875,0.7098203037454087
1605,0.7578125,0.7122199135581383
1606,0.65625,0.7094214178802314
1607,0.6875,0.7083253469862199
1608,0.53125,0.6994715796369089
1609,0.6875,0.6988730006550634
1610,0.8671875,0.7072887256223103
1611,0.8671875,0.7152836643411948
1612,0.9296875,0.7260038561241351
1613,0.6484375,0.7221255383179284
1614,0.7265625,0.722347386402032
1615,0.625,0.7174800170819303
1616,0.859375,0.7245747662278338
1617,0.7421875,0.7254554029164421
1618,0.921875,0.73527638277062
1619,0.7421875,0.735621938632089
1620,0.796875,0.7386845917004846
1621,0.8046875,0.7419847371154604
1622,0.8046875,0.7451198752596874
1623,0.6875,0.742238881496703
1624,0.4765625,0.7289550624218678
1625,0.875,0.7362573093007745
1626,0.7421875,0.7365538188357358
1627,0.6796875,0.733710502893949
1628,0.8515625,0.7396031027492516
1629,0.5703125,0.731138572611789
1630,0.546875,0.7219253939811996
1631,0.734375,0.7225478742821396
1632,0.6640625,0.7196236055680326
1633,0.5703125,0.712158050289631
1634,0.8046875,0.7167845227751495
1635,0.875,0.7246952966363921
1636,0.8671875,0.7318199068045725
1637,0.6171875,0.7260882864643439
1638,0.640625,0.7218151221411268
1639,0.8359375,0.7275212410340705
1640,0.609375,0.721613928982367
1641,0.7421875,0.7226426075332486
1642,0.8203125,0.7275261021565862
1643,0.734375,0.7278685470487569
1644,0.734375,0.728193869696319
1645,0.71875,0.7277216762115032
1646,0.703125,0.726491842400928
1647,0.78125,0.7292297502808816
1648,0.8125,0.7333932627668375
1649,0.6953125,0.7314892246284956
1650,0.59375,0.7246022633970708
1651,0.75,0.7258721502272172
1652,0.75,0.7270785427158564
1653,0.640625,0.7227558655800636
1654,0.75,0.7241180723010603
1655,0.8671875,0.7312715436860073
1656,0.6640625,0.727911091501707
1657,0.7421875,0.7286249119266216
1658,0.6953125,0.7269592913302905
1659,0.78125,0.7296738267637759
1660,0.828125,0.734596385425587
1661,0.671875,0.7314603161543076
1662,0.8203125,0.7359029253465922
1663,0.8046875,0.7393421540792626
1664,0.5859375,0.7316719213752995
1665,0.875,0.7388383253065345
1666,0.625,0.7331464090412078
1667,0.875,0.7402390885891474
1668,0.7421875,0.7403365091596901
1669,0.7578125,0.7412103087017056
1670,0.7421875,0.7412591682666203
1671,0.8125,0.7448212098532893
1672,0.671875,0.7411738993606247
1673,0.734375,0.7408339543925935
1674,0.5703125,0.7323078816729638
1675,0.6328125,0.7273331125893155
1676,0.8671875,0.7343258319598498
1677,0.625,0.7288595403618573
1678,0.5625,0.7205415633437645
1679,0.5078125,0.7099051101765762
1680,0.625,0.7056598546677474
1681,0.7734375,0.70904873693436
1682,0.6484375,0.706018175087642
1683,0.8125,0.7113422663332599
1684,0.59375,0.7054626530165968
1685,0.9375,0.717064520365767
1686,0.7265625,0.7175394193474787
1687,0.8125,0.7222874483801047
1688,0.703125,0.7213293259610994
1689,0.7890625,0.7247159846630444
1690,0.625,0.7197301854298922
1691,0.6796875,0.7177280511583977
1692,0.625,0.7130916486004778
1693,0.5859375,0.7067339411704538
1694,0.8046875,0.7116316191119312
1695,0.6796875,0.7100344131563346
1696,0.6875,0.7089076924985179
1697,0.75,0.710962307873592
1698,0.78125,0.7144766924799124
1699,0.578125,0.7076591078559168
1700,0.7109375,0.707823027463121
1701,0.6875,0.706806876089965
1702,0.7578125,0.7093571572854668
1703,0.8046875,0.7141236744211934
1704,0.8828125,0.7225581157001337
1705,0.6484375,0.7188520849151271
1706,0.4375,0.7047844806693707
1707,0.7578125,0.7074358816359022
1708,0.640625,0.7040953375541071
1709,0.6328125,0.7005311956764018
1710,0.84375,0.7076921358925817
1711,0.734375,0.7090262790979527
1712,0.5,0.6985749651430551
1713,0.765625,0.7019274668859024
1714,0.8046875,0.7070654685416072
1715,0.75,0.7092121951145269
1716,0.859375,0.7167203353588005
1717,0.7578125,0.7187749435908606
1718,0.5625,0.7109611964113176
1719,0.625,0.7066631365907518
1720,0.5625,0.6994549797612142
1721,0.5625,0.6926072307731536
1722,0.765625,0.6962581192344959
1723,0.6640625,0.6946483382727711
1724,0.875,0.7036659213591325
1725,0.890625,0.7130138752911759
1726,0.625,0.708613181526617
1727,0.859375,0.7161512724502861
1728,0.5703125,0.7088593338277718
1729,0.7578125,0.7113069921363833
1730,0.875,0.7194916425295641
1731,0.734375,0.7202358104030859
1732,0.8046875,0.7244583948829316
1733,0.7578125,0.7261261001387851
1734,0.59375,0.7195072951318457
1735,0.75,0.7210319303752535
1736,0.8046875,0.7252147088564909
1737,0.6015625,0.7190320984136663
1738,0.6796875,0.717064868492983
1739,0.9375,0.7280866250683339
1740,0.6484375,0.7241041688149172
1741,0.7265625,0.7242270853741714
1742,0.75,0.7255157311054627
1743,0.8671875,0.7325993195501896
1744,0.6796875,0.7299537285726801
1745,0.625,0.7247060421440461
1746,0.6171875,0.7193301150368437
1747,0.7421875,0.7204729842850015
1748,0.7421875,0.7215587100707515
1749,0.7578125,0.723371399567214
1750,0.6796875,0.7211872045888533
1751,0.265625,0.6984090943594107
1752,0.6953125,0.6982542646414401
1753,0.5625,0.6914665514093682
1754,0.546875,0.6842369738388997
1755,0.8828125,0.6941657501469547
1756,0.75,0.6969574626396069
1757,0.859375,0.7050783395076266
1758,0.671875,0.7034181725322453
1759,0.75,0.705747263905633
1760,0.578125,0.6993661507103514
1761,0.8125,0.7050228431748338
1762,0.78125,0.7088342010160921
1763,0.703125,0.7085487409652874
1764,0.84375,0.715308803917023
1765,0.65625,0.7123558637211719
1766,0.796875,0.7165818205351133
1767,0.765625,0.7190339795083577
1768,0.8203125,0.7240979055329397
1769,0.75,0.7253930102562927
1770,0.7734375,0.7277952347434781
1771,0.59375,0.7210929730063041
1772,0.640625,0.717069574355989
1773,0.75,0.7187160956381895
1774,0.734375,0.71949904085628
1775,0.6484375,0.7159459638134661
1776,0.7421875,0.7172580406227927
1777,0.5546875,0.7091295135916531
1778,0.578125,0.7025792879120705
1779,0.515625,0.6932315735164669
1780,0.6796875,0.6925543698406436
1781,0.7265625,0.6942547763486114
1782,0.6796875,0.6935264125311809
1783,0.6875,0.6932250919046218
1784,0.6015625,0.6886419623093907
1785,0.78125,0.6932723641939211
1786,0.8046875,0.6988431209842251
1787,0.7265625,0.7002290899350139
1788,0.640625,0.6972488854382632
1789,0.6171875,0.6932458161663501
1790,0.8125,0.6992085253580326
1791,0.921875,0.710341849090131
1792,0.7578125,0.7127153816356244
1793,0.8046875,0.7173139875538432
1794,0.4453125,0.7037139131761511
1795,0.9375,0.7154032175173435
1796,0.78125,0.7186955566414763
1797,0.625,0.7140107788094024
1798,0.7421875,0.7154196148689322
1799,0.53125,0.7062111341254856
1800,0.6875,0.7052755774192113
1801,0.78125,0.7090742985482508
1802,0.6796875,0.7076049586208383
1803,0.7265625,0.7085528356897963
1804,0.625,0.7043751939053065
1805,0.8515625,0.7117345592100411
1806,0.5390625,0.703100956249539
1807,0.6875,0.7023209084370621
1808,0.5703125,0.695720488015209
1809,0.75,0.6984344636144486
1810,0.671875,0.6971064904337261
1811,0.5859375,0.6915480409120397
1812,0.8203125,0.6979862638664377
1813,0.7421875,0.7001963256731157
1814,0.8125,0.7058115093894599
1815,0.625,0.7017709339199869
1816,0.8828125,0.7108230122239876
1817,0.8515625,0.7178599866127882
1818,0.4375,0.7038419872821488
1819,0.6953125,0.7034155129180413
1820,0.640625,0.7002759872721392
1821,0.734375,0.7019809379085322
1822,0.7109375,0.7024287660131057
1823,0.8125,0.7079323277124504
1824,0.5234375,0.698707586326828
1825,0.6640625,0.6969753320104866
1826,0.5546875,0.6898609404099622
1827,0.5703125,0.683883518389464
1828,0.6640625,0.6828924674699908
1829,0.578125,0.6776540940964912
1830,0.7578125,0.6816620143916667
1831,0.671875,0.6811726636720834
1832,0.75,0.6846140304884791
1833,0.5859375,0.6796802039640552
1834,0.7890625,0.6851493187658524
1835,0.75,0.6883918528275599
1836,0.8125,0.6945972601861818
1837,0.7109375,0.6954142721768728
1838,0.6171875,0.6915029335680292
1839,0.84375,0.6991152868896278
1840,0.8046875,0.7043938975451464
1841,0.6875,0.703549202667889
1842,0.4140625,0.6890748675344945
1843,0.5859375,0.6839179991577697
1844,0.90625,0.6950345991998813
1845,0.921875,0.7063766192398873
1846,0.75,0.7085577882778928
1847,0.6875,0.7075048988639983
1848,0.6484375,0.7045515289207983
1849,0.8046875,0.7095583274747584
1850,0.625,0.7053304111010205
1851,0.7421875,0.7071732655459694
1852,0.6484375,0.7042364772686709
1853,0.671875,0.7026184034052374
1854,0.8125,0.7081124832349756
1855,0.796875,0.7125506090732268
1856,0.6875,0.7112980786195654
1857,0.8671875,0.7190925496885872
1858,0.734375,0.7198566722041578
1859,0.6875,0.71823883859395
1860,0.7578125,0.7202175216642526
1861,0.6953125,0.71897227058104
1862,0.75,0.720523657051988
1863,0.78125,0.7235599741993886
1864,0.703125,0.7225382254894192
1865,0.8046875,0.7266456892149482
1866,0.84375,0.7325009047542008
1867,0.765625,0.7341571095164908
1868,0.5390625,0.7244023790406663
1869,0.5078125,0.7135728850886329
1870,0.6328125,0.7095348658342012
1871,0.71875,0.7099956225424912
1872,0.8125,0.7151208414153666
1873,0.453125,0.7020210493445983
1874,0.7421875,0.7040293718773684
1875,0.7578125,0.7067185282835
1876,0.75,0.7088826018693251
1877,0.640625,0.7054697217758589
1878,0.609375,0.7006649856870659
1879,0.6796875,0.6996161114027126
1880,0.671875,0.698229055832577
1881,0.6875,0.6976926030409482
1882,0.7109375,0.6983548478889008
1883,0.7265625,0.6997652304944557
1884,0.609375,0.695245718969733
1885,0.7890625,0.6999365580212464
1886,0.7109375,0.7004866051201841
1887,0.6796875,0.6994466498641749
1888,0.8046875,0.7047086923709662
1889,0.5703125,0.6979888827524179
1890,0.75,0.700589438614797
1891,0.578125,0.6944662166840572
1892,0.6328125,0.6913835308498543
1893,0.71875,0.6927518543073616
1894,0.875,0.7018642615919936
1895,0.8125,0.7073960485123939
1896,0.8046875,0.7122606210867742
1897,0.6171875,0.7075069650324355
1898,0.8515625,0.7147097417808137
1899,0.7421875,0.716083629691773
1900,0.7109375,0.7158263232071844
1901,0.6796875,0.7140193820468252
1902,0.6875,0.712693412944484
1903,0.75,0.7145587422972597
1904,0.84375,0.7210183051823967
1905,0.78125,0.7240298899232769
1906,0.7578125,0.7257190204271131
1907,0.578125,0.7183393194057575
1908,0.7421875,0.7195317284354695
1909,0.703125,0.718711392013696
1910,0.5390625,0.7097289474130113
1911,0.5,0.6992425000423608
1912,0.8125,0.7049053750402428
1913,0.6796875,0.7036444812882306
1914,0.6171875,0.6993216322238192
1915,0.796875,0.7041993006126283
1916,0.65625,0.7018018355819968
1917,0.8125,0.707336743802897
1918,0.65625,0.7047824066127522
1919,0.6875,0.7039182862821146
1920,0.6875,0.7030973719680089
1921,0.5390625,0.6948956283696085
1922,0.8515625,0.702728971951128
1923,0.5859375,0.6968893983535717
1924,0.875,0.7057949284358931
1925,0.8203125,0.7115208070140984
1926,0.6796875,0.7099291416633935
1927,0.875,0.7181826845802238
1928,0.6640625,0.7154766753512126
1929,0.8125,0.7203278415836519
1930,0.6953125,0.7190770745044693
1931,0.65625,0.7159357207792458
1932,0.7890625,0.7195920597402836
1933,0.8125,0.7242374567532694
1934,0.6171875,0.718884958915606
1935,0.875,0.7266907109698257
1936,0.734375,0.7270749254213345
1937,0.734375,0.7274399291502677
1938,0.515625,0.7168491826927542
1939,0.7734375,0.7196785985581164
1940,0.8046875,0.7239290436302106
1941,0.7734375,0.7264044664487
1942,0.875,0.7338342431262651
1943,0.75,0.7346425309699518
1944,0.875,0.7416604044214542
1945,0.828125,0.7459836342003814
1946,0.59375,0.7383719524903622
1947,0.78125,0.7405158548658441
1948,0.796875,0.743333812122552
1949,0.8125,0.7467921215164244
1950,0.8125,0.7500775154406032
1951,0.640625,0.7446048896685731
1952,0.6015625,0.7374527701851444
1953,0.796875,0.7404238816758872
1954,0.6171875,0.7342620625920929
1955,0.3046875,0.7127833344624883
1956,0.8125,0.717769167739364
1957,0.71875,0.7178182093523958
1958,0.671875,0.7155210488847761
1959,0.7421875,0.7168543714405372
1960,0.78125,0.7200741528685103
1961,0.75,0.7215704452250848
1962,0.8671875,0.7288512979638306
1963,0.796875,0.7322524830656392
1964,0.609375,0.7261086089123572
1965,0.671875,0.7233969284667394
1966,0.625,0.7184770820434024
1967,0.65625,0.7153657279412323
1968,0.640625,0.7116286915441707
1969,0.828125,0.7174535069669623
1970,0.8671875,0.7249402066186142
1971,0.921875,0.7347869462876836
1972,0.8125,0.7386725989732994
1973,0.7578125,0.7396295940246345
1974,0.6796875,0.7366324893234028
1975,0.7421875,0.7369102398572326
1976,0.6484375,0.732486602864371
1977,0.453125,0.7185185227211525
1978,0.515625,0.7083738465850948
1979,0.578125,0.7018614042558401
1980,0.6328125,0.698408959043048
1981,0.921875,0.7095822610908956
1982,0.75,0.7116031480363509
1983,0.5859375,0.7053198656345334
1984,0.7421875,0.7071632473528067
1985,0.703125,0.7069613349851663
1986,0.671875,0.705207018235908
1987,0.703125,0.7051029173241126
1988,0.640625,0.7018790214579069
1989,0.6796875,0.7007694453850116
1990,0.75,0.7032309731157611
1991,0.4375,0.689944424459973
1992,0.6328125,0.6870878282369742
1993,0.6640625,0.6859365618251255
1994,0.8046875,0.6918741087338692
1995,0.6875,0.6916554032971758
1996,0.625,0.688322633132317
1997,0.6875,0.6882815014757012
1998,0.9296875,0.7003518014019161
1999,0.6484375,0.6977560863318203
2000,0.6953125,0.6976339070152293
2001,0.921875,0.7088459616644679
2002,0.8515625,0.7159817885812445
2003,0.921875,0.7262764491521823
2004,0.78125,0.7290251266945731
2005,0.609375,0.7230426203598445
2006,0.7890625,0.7263436143418522
2007,0.796875,0.7298701836247596
2008,0.8359375,0.7351735494435216
2009,0.75,0.7359148719713455
2010,0.65625,0.7319316283727783
2011,0.578125,0.7242412969541393
2012,0.9375,0.7349042321064323
2013,0.8046875,0.7383933955011107
2014,0.6875,0.7358487257260552
2015,0.6875,0.7334312894397524
2016,0.7734375,0.7354315999677649
2017,0.75,0.7361600199693765
2018,0.859375,0.7423207689709077
2019,0.828125,0.7466109805223624
2020,0.625,0.7405304314962443
2021,0.5546875,0.7312382849214321
2022,0.5625,0.7228013706753605
2023,0.8046875,0.7268956771415925
2024,0.8125,0.7311758932845129
2025,0.4921875,0.7192264736202874
2026,0.8125,0.723890149939273
2027,0.5546875,0.7154300174423093
2028,0.734375,0.7163772665701938
2029,0.65625,0.7133709032416842
2030,0.5625,0.7058273580796
2031,0.7421875,0.7076453651756199
2032,0.6328125,0.7039037219168389
2033,0.3984375,0.688630410820997
2034,0.6953125,0.6889645152799471
2035,0.8671875,0.6978756645159497
2036,0.6328125,0.6946225062901522
2037,0.796875,0.6997351309756447
2038,0.6015625,0.6948264994268625
2039,0.625,0.6913351744555193
2040,0.6875,0.6911434157327433
2041,0.8125,0.6972112449461061
2042,0.625,0.6936006826988007
2043,0.640625,0.6909518985638607
2044,0.71875,0.6923418036356678
2045,0.7890625,0.6971778384538845
2046,0.71875,0.6982564465311903
2047,0.8828125,0.7074842492046308
2048,0.609375,0.7025787867443993
2049,0.8046875,0.7076842224071794
2050,0.703125,0.7074562612868204
2051,0.7421875,0.7091928232224793
2052,0.59375,0.7034206820613553
2053,0.6875,0.7026246479582876
2054,0.8359375,0.7092902905603733
2055,0.75,0.7113257760323546
2056,0.625,0.7070094872307369
2057,0.75,0.7091590128692
2058,0.6875,0.70807606222574
2059,0.90625,0.7179847591144531
2060,0.578125,0.7109917711587305
2061,0.7734375,0.7141140576007939
2062,0.6953125,0.7131739797207542
2063,0.7578125,0.7154059057347165
2064,0.8203125,0.7206512354479807
2065,0.7109375,0.7201655486755816
2066,0.828125,0.7255635212418026
2067,0.8125,0.7299103451797124
2068,0.9375,0.7402898279207267
2069,0.65625,0.7360878365246903
2070,0.640625,0.7313146946984559
2071,0.546875,0.722092709963533
2072,0.546875,0.7133318244653564
2073,0.7734375,0.7163371082420885
2074,0.6171875,0.7113796278299841
2075,0.6953125,0.7105762714384849
2076,0.7421875,0.7121568328665606
2077,0.625,0.7077989912232325
2078,0.546875,0.6997527916620708
2079,0.734375,0.7014839020789673
2080,0.671875,0.7000034569750189
2081,0.7578125,0.7028939091262679
2082,0.75,0.7052492136699546
2083,0.8671875,0.7133461279864569
2084,0.75,0.715178821587134
2085,0.6875,0.7137948805077773
2086,0.7890625,0.7175582614823883
2087,0.734375,0.7183990984082689
2088,0.78125,0.7215416434878554
2089,0.640625,0.7174958113134627
2090,0.78125,0.7206835207477895
2091,0.8046875,0.7248837197104001
2092,0.5546875,0.71637390872488
2093,0.625,0.711805213288636
2094,0.875,0.7199649526242042
2095,0.7734375,0.722638579992994
2096,0.7578125,0.7243972759933444
2097,0.90625,0.7334899121936772
2098,0.75,0.7343154165839934
2099,0.859375,0.7405683957547936
2100,0.734375,0.7402587259670539
2101,0.5,0.7282457896687012
2102,0.859375,0.7348022501852661
2103,0.625,0.7293121376760028
2104,0.8515625,0.7354246557922026
2105,0.7421875,0.7357627980025925
2106,0.7578125,0.7368652831024629
2107,0.515625,0.7258032689473397
2108,0.765625,0.7277943554999727
2109,0.625,0.7226546377249741
2110,0.5859375,0.7158187808387253
2111,0.625,0.711277841796789
2112,0.6953125,0.7104795747069496
2113,0.6953125,0.7097212209716021
2114,0.7109375,0.7097820349230219
2115,0.6875,0.7086679331768708
2116,0.75,0.7107345365180273
2117,0.8125,0.715822809692126
2118,0.71875,0.7159691692075197
2119,0.6875,0.7145457107471438
2120,0.6484375,0.7112403002097866
2121,0.703125,0.7108345351992972
2122,0.703125,0.7104490584393323
2123,0.7265625,0.7112547305173657
2124,0.671875,0.7092857439914975
2125,0.5859375,0.7031183317919225
2126,0.6328125,0.6996030402023263
2127,0.7265625,0.70095101319221
2128,0.78125,0.7049659625325995
2129,0.8671875,0.7130770394059696
2130,0.53125,0.7039856874356711
2131,0.8203125,0.7098020280638876
2132,0.7109375,0.7098588016606933
2133,0.7421875,0.7114752365776585
2134,0.9375,0.7227764747487756
2135,0.96875,0.7350751510113368
2136,0.6875,0.73269639346077
2137,0.765625,0.7343428237877315
2138,0.7734375,0.7362975575983449
2139,0.7265625,0.7358108047184276
2140,0.6875,0.7333952644825062
2141,0.6484375,0.729147376258381
2142,0.734375,0.729408757445462
2143,0.5625,0.7210633195731889
2144,0.7734375,0.7236820285945295
2145,0.5625,0.715622927164803
2146,0.84375,0.7220292808065629
2147,0.8125,0.7265528167662347
2148,0.7578125,0.728115800927923
2149,0.8046875,0.7319443858815269
2150,0.703125,0.7305034165874505
2151,0.75,0.731478245758078
2152,0.84375,0.737091833470174
2153,0.7421875,0.7373466167966654
2154,0.859375,0.7434480359568321
2155,0.71875,0.7422131341589905
2156,0.65625,0.737914977451041
2157,0.6640625,0.7342223535784889
2158,0.796875,0.7373549858995645
2159,0.53125,0.7270497366045863
2160,0.625,0.721947249774357
2161,0.7890625,0.7253030122856392
