step,value_raw,value_ema_0.95
1,0.12149959802627563,0.12149959802627563
2,0.1221192479133606,0.12153058052062989
3,0.10813029855489731,0.12086056642234326
4,0.07472795993089676,0.11855393609777093
5,0.20300404727458954,0.12277644165661186
6,0.10600601881742477,0.12193792051465252
7,0.0561562106013298,0.11864883501898639
8,0.16379421949386597,0.12090610424273036
9,0.21348504722118378,0.12553505139165305
10,0.30303874611854553,0.13441023612799768
11,0.3790004253387451,0.14663974558853504
12,0.39415231347084045,0.1590153739826503
13,0.18466924130916595,0.1602980673489761
14,0.26951348781585693,0.16575883837232014
15,0.36634477972984314,0.1757881354401963
16,0.3484106659889221,0.18441926196763261
17,0.2828234136104584,0.1893394695497739
18,0.1824176162481308,0.18899337688469176
19,0.21624451875686646,0.1903559339783005
20,0.21284228563308716,0.19148025156103984
21,0.3436395823955536,0.19908821810276556
22,0.20458070933818817,0.1993628426645367
23,0.25153517723083496,0.2019714593928516
24,0.378258615732193,0.21078581720981868
25,0.18700732290744781,0.20959689249470015
26,0.3498871326446533,0.2166114045021978
27,0.35689598321914673,0.22362563343804526
28,0.39533886313438416,0.23221129492286222
29,0.22302354872226715,0.2317519076128325
30,0.32950490713119507,0.2366395575887506
31,0.2500118613243103,0.2373081727755286
32,0.21278861165046692,0.23608219471927552
33,0.3554345965385437,0.24204981481023893
34,0.4659131169319153,0.2532429799163228
35,0.27659666538238525,0.2544106641896259
36,0.405367374420166,0.2619584997011529
37,0.3663681149482727,0.2671789804635089
38,0.3195699453353882,0.26979852870710286
39,0.2985665202140808,0.2712369282824517
40,0.2422299087047577,0.269786577303567
41,0.25000518560409546,0.2687975077185934
42,0.3781750798225403,0.27426638632379075
43,0.269571453332901,0.2740316396742462
44,0.24650098383426666,0.27265510688224726
45,0.15895341336727142,0.26697002220649846
46,0.2654368281364441,0.2668933625029957
47,0.2973646819591522,0.26841692847580356
48,0.276017427444458,0.26879695342423626
49,0.33413222432136536,0.2720637169690927
50,0.2335335910320282,0.27013721067223945
51,0.28188177943229675,0.2707244391102423
52,0.2775430679321289,0.2710653705513366
53,0.3452724516391754,0.2747757246057286
54,0.2396232634782791,0.2730181015493561
55,0.25297749042510986,0.2720160709931438
56,0.18972444534301758,0.2679014897106375
57,0.19046050310134888,0.26402944038017306
58,0.23005938529968262,0.2623309376261485
59,0.3115474581718445,0.2647917636534333
60,0.35383206605911255,0.2692437787737173
61,0.30421799421310425,0.2709924895456866
62,0.21244506537914276,0.2680651183373594
63,0.5398977398872375,0.28165674941485336
64,0.15674607455730438,0.2754112156719759
65,0.3702250123023987,0.28015190550349706
66,0.2945713400840759,0.280872877232526
67,0.34203165769577026,0.2839308162556882
68,0.36073243618011475,0.2877708972519095
69,0.22129687666893005,0.28444719622276055
70,0.238408625125885,0.28214526766791675
71,0.27328434586524963,0.2817022215777834
72,0.2749841809272766,0.2813663195452581
73,0.3503088355064392,0.28481344534331715
74,0.3234272301197052,0.28674413458213655
75,0.3394474387168884,0.28937929978887417
76,0.2756083607673645,0.28869075283779866
77,0.31150346994400024,0.2898313886931087
78,0.1614527851343155,0.28341245851516905
79,0.19905322790145874,0.2791944969844835
80,0.2771572470664978,0.27909263448858423
81,0.2867295742034912,0.2794744814743296
82,0.29480594396591187,0.2802410545989087
83,0.2568076252937317,0.2790693831336499
84,0.27291446924209595,0.2787616374390722
85,0.2108643352985382,0.2753667723320455
86,0.34843161702156067,0.27902001456652126
87,0.3144519031047821,0.2807916089934343
88,0.4413491487503052,0.2888194859812778
89,0.358256459236145,0.29229133464402124
90,0.38108861446380615,0.2967311986350105
91,0.24006184935569763,0.2938977311710449
92,0.12176981568336487,0.28529133539666085
93,0.2565101683139801,0.2838522770425268
94,0.3147376775741577,0.2853965470691084
95,0.20971894264221191,0.28161266684776354
96,0.3390006721019745,0.2844820671104741
97,0.3952102065086365,0.2900184740803822
98,0.3035317063331604,0.29069413569302116
99,0.2912213206291199,0.2907204949398261
100,0.4942379295825958,0.30089636667196457
101,0.22365713119506836,0.2970344048981198
102,0.27075427770614624,0.2957203985385211
103,0.45110607147216797,0.30348968218520345
104,0.5033763647079468,0.3134840163113406
105,0.2729142904281616,0.3114555300171817
106,0.17064526677131653,0.3044150168548884
107,0.27483946084976196,0.3029362390546321
108,0.274821400642395,0.30153049713402025
109,0.30433332920074463,0.30167063873735644
110,0.23439857363700867,0.29830703548233906
111,0.30373597145080566,0.2985784822807624
112,0.3146025538444519,0.29937968585894686
113,0.2852061986923218,0.2986710115006156
114,0.23006583750247955,0.2952407528007088
115,0.32535237073898315,0.2967463336976225
116,0.22029240429401398,0.2929236372274421
117,0.1499977856874466,0.2857773446504423
118,0.4463391900062561,0.29380543691823297
119,0.23969697952270508,0.2911000140484566
120,0.2607145309448242,0.289580739893275
121,0.35934963822364807,0.29306918480979366
122,0.23737703263759613,0.2902845772011838
123,0.2843615412712097,0.28998842540468506
124,0.3791024684906006,0.2944441275589808
125,0.36036694049835205,0.29774026820594934
126,0.4040456712245941,0.3030555383568816
127,0.4582071900367737,0.3108131209408762
128,0.3854749798774719,0.31454621388770604
129,0.26378393173217773,0.3120080997799296
130,0.30889323353767395,0.3118523564678168
131,0.31629452109336853,0.3120744646990944
132,0.2362067699432373,0.30828107996130155
133,0.501093327999115,0.31792169236319223
134,0.3236895203590393,0.3182100837629846
135,0.3445606231689453,0.3195276107332826
136,0.19128096103668213,0.3131152782484526
137,0.26163583993911743,0.3105413063329858
138,0.3385466933250427,0.3119415756825886
139,0.3493120074272156,0.31381009726981995
140,0.3160759210586548,0.3139233884592617
141,0.25241658091545105,0.31084804808207117
142,0.21904753148555756,0.30625802225224547
143,0.30709198117256165,0.30629972019826124
144,0.33538171648979187,0.30775382001283774
145,0.38117358088493347,0.3114248080564425
146,0.5249751210212708,0.32210232370468395
147,0.3223561644554138,0.32211501574222046
148,0.4987809360027313,0.330948311755246
149,0.20164567232131958,0.32448317978354974
150,0.28761130571365356,0.32263958608005494
151,0.30826258659362793,0.3219207361057336
152,0.2281903326511383,0.31723421593300377
153,0.2920030355453491,0.31597265691362103
154,0.3257480561733246,0.3164614268766062
155,0.29095524549484253,0.31518611780751804
156,0.4331507384777069,0.3210843488410275
157,0.3416398763656616,0.3221121252172592
158,0.3545599579811096,0.3237345168554517
159,0.2719700336456299,0.3211462926949606
160,0.4282098412513733,0.32649947012278124
161,0.30240556597709656,0.32529477491549696
162,0.21799984574317932,0.31993002845688107
163,0.3397504687309265,0.32092105047058334
164,0.3544151484966278,0.32259575537188556
165,0.3923048973083496,0.32608121246870875
166,0.4136410355567932,0.33045920362311293
167,0.26912814378738403,0.32739265063132644
168,0.49929529428482056,0.33598778281400116
169,0.2816377580165863,0.3332702815741304
170,0.4994449019432068,0.3415790125925842
171,0.4321442246437073,0.3461072731951404
172,0.20263084769248962,0.33893345192000784
173,0.2551368176937103,0.33474362020869297
174,0.3156832754611969,0.3337906029713182
175,0.22167059779167175,0.32818460271233585
176,0.3713013529777527,0.3303404402256067
177,0.14850370585918427,0.32124860350728557
178,0.24812787771224976,0.31759256721753376
179,0.3591768741607666,0.3196717825646954
180,0.42589977383613586,0.32498318212826743
181,0.30500996112823486,0.3239845210782658
182,0.15834233164787292,0.3157024116067461
183,0.16916164755821228,0.3083753734043194
184,0.28048083186149597,0.30698064632717825
185,0.45354345440864563,0.3143087867312516
186,0.4013478457927704,0.31866073968432757
187,0.33020180463790894,0.31923779293200666
188,0.3693448305130005,0.32174314481105637
189,0.24541181325912476,0.3179265782334598
190,0.30042266845703125,0.31705138274463834
191,0.302063524723053,0.31630198984355906
192,0.3591318130493164,0.31844348100384695
193,0.2508113384246826,0.3150618738748887
194,0.37616586685180664,0.31811707352373464
195,0.3093072772026062,0.3176765837076782
196,0.6130855679512024,0.3324470329198544
197,0.33607494831085205,0.3326284286894043
198,0.32312291860580444,0.3321531531852243
199,0.4398927390575409,0.3375401324788401
200,0.3527545630931854,0.3383008540095574
201,0.3598208427429199,0.33937685344622553
202,0.23201003670692444,0.33400851260926046
203,0.24964362382888794,0.3297902681702418
204,0.45768222212791443,0.33618486586812546
205,0.4675277769565582,0.34275201142254713
206,0.1432158499956131,0.3327752033512004
207,0.3623530864715576,0.33425409750721824
208,0.22592318058013916,0.3288375516608643
209,0.4990158677101135,0.3373464674633268
210,0.26978111267089844,0.33396819972370534
211,0.21696999669075012,0.3281182895720576
212,0.35574665665626526,0.3294997079262679
213,0.23169633746147156,0.3246095394030281
214,0.48031115531921387,0.3323946201988374
215,0.47077247500419617,0.33931351293910533
216,0.17397883534431458,0.3310467790593658
217,0.3746115565299988,0.33322501793289744
218,0.22801443934440613,0.32796448900347286
219,0.3831959366798401,0.3307260613872912
220,0.34126555919647217,0.33125303627775027
221,0.4098413586616516,0.33518245239694533
222,0.30933550000190735,0.3338901047771934
223,0.19029182195663452,0.32671019063616547
224,0.33044466376304626,0.3268969142925095
225,0.4722481966018677,0.3341644784079774
226,0.36231619119644165,0.33557206404740064
227,0.2846342921257019,0.33302517545131566
228,0.4112434685230255,0.33693609010490116
229,0.3824857175350189,0.33921357147640707
230,0.354331910610199,0.33996948843309666
231,0.28229600191116333,0.33708581410699995
232,0.17410776019096375,0.32893691141119813
233,0.3011634945869446,0.32754824056998544
234,0.5341885089874268,0.3378802539908575
235,0.30099764466285706,0.3360361235244575
236,0.4024895429611206,0.33935879449629064
237,0.3039924204349518,0.3375904757932237
238,0.26867997646331787,0.33414495082672846
239,0.29393965005874634,0.33213468578832933
240,0.33270296454429626,0.3321630997261277
241,0.2201615571975708,0.3265630225996998
242,0.2958621084690094,0.3250279768931653
243,0.3168376088142395,0.32461845848921905
244,0.43593090772628784,0.3301840809510725
245,0.2750992178916931,0.32742983779810353
246,0.20400896668434143,0.32125879424241544
247,0.2827460765838623,0.3193331583594878
248,0.3244047164916992,0.31958673626609835
249,0.3874514698982239,0.32297997294770464
250,0.44307318329811096,0.328984633465225
251,0.28190290927886963,0.3266305472559072
252,0.5958635807037354,0.3400921989282986
253,0.2273952066898346,0.3344573493163754
254,0.30644550919532776,0.33305675731032297
255,0.4033801555633545,0.3365729272229745
256,0.5143716335296631,0.34546286253830893
257,0.27591830492019653,0.3419856346574033
258,0.4538128077983856,0.3475769933144524
259,0.2956552505493164,0.34498090617619565
260,0.31424185633659363,0.34344395368421554
261,0.38704198598861694,0.3456238552994356
262,0.3410084545612335,0.3453930852625255
263,0.1436171680688858,0.3353042894028435
264,0.17795687913894653,0.32743691888964865
265,0.35218700766563416,0.32867442332844793
266,0.22839988768100739,0.32366069654607593
267,0.30413082242012024,0.3226842028397781
268,0.33694589138031006,0.3233972872668047
269,0.36250996589660645,0.32535292119829484
270,0.3866170048713684,0.32841612538194853
271,0.49307411909103394,0.33664902506740285
272,0.38427838683128357,0.33903049315559686
273,0.30314844846725464,0.33723639092117974
274,0.2803862988948822,0.3343938863198649
275,0.20962709188461304,0.3281555465981023
276,0.35148268938064575,0.32932190373722947
277,0.3602200746536255,0.33086681228304926
278,0.4199402332305908,0.33532048333042636
279,0.4471622109413147,0.3409125697109708
280,0.3201979398727417,0.3398768382190593
281,0.402427077293396,0.3430043501727761
282,0.40827590227127075,0.3462679277777008
283,0.42261573672294617,0.3500853182249631
284,0.2696649432182312,0.3460642994746265
285,0.4431718587875366,0.350919677440272
286,0.3899993300437927,0.35287366007044807
287,0.37182459235191345,0.3538212066845213
288,0.29007604718208313,0.3506339487093994
289,0.3164548873901367,0.34892499564343626
290,0.4239990711212158,0.3526786994173252
291,0.4472865164279938,0.3574090902678586
292,0.25877776741981506,0.35247752412545647
293,0.4682001769542694,0.35826365676689714
294,0.4411284327507019,0.3624068955660874
295,0.5019936561584473,0.36938623359570544
296,0.32408618927001953,0.36712123137942115
297,0.4396549463272095,0.3707479171268106
298,0.48209667205810547,0.3763153548733753
299,0.4162941575050354,0.37831429500495833
300,0.1026344746351242,0.3645303039864666
301,0.2440485954284668,0.35850621855856657
302,0.18148040771484375,0.34965492801638043
303,0.5398595929145813,0.3591651612612905
304,0.4214564561843872,0.36227972600744535
305,0.4016033411026001,0.36424590676220303
306,0.2892395853996277,0.3604955906940743
307,0.303036630153656,0.35762264266705335
308,0.3772768974304199,0.35860535540522165
309,0.2969699203968048,0.3555235836548008
310,0.22349797189235687,0.3489223030666786
311,0.26356011629104614,0.34465419372789696
312,0.2734191119670868,0.34109243963985647
313,0.18826845288276672,0.333451240302002
314,0.27445435523986816,0.33050139604889534
315,0.24709412455558777,0.32633103247422995
316,0.403437077999115,0.3301863347504742
317,0.3546466827392578,0.3314093521499134
318,0.37325164675712585,0.33350146688027404
319,0.47394639253616333,0.34052371316306856
320,0.3114681839942932,0.3390709367046298
321,0.47103941440582275,0.34566936058968945
322,0.3857174813747406,0.347671766628942
323,0.32430100440979004,0.34650322851798443
324,0.28939253091812134,0.34364769363799125
325,0.28171277046203613,0.34055094747919346
326,0.26027676463127136,0.3365372383367974
327,0.31283167004585266,0.33535195992225014
328,0.4459521770477295,0.3408819707785241
329,0.2013864517211914,0.33390719482565745
330,0.2902807593345642,0.3317258730511028
331,0.38363116979599,0.33432113788834716
332,0.5052082538604736,0.3428654936869535
333,0.3727908134460449,0.3443617596749081
334,0.39115262031555176,0.34670130270694033
335,0.43418020009994507,0.35107524757659053
336,0.1832931637763977,0.3426861433865809
337,0.26549047231674194,0.3388263598330889
338,0.4185522794723511,0.34281265581505205
339,0.25482165813446045,0.3384131059310225
340,0.4128919541835785,0.3421370483436503
341,0.27913910150527954,0.33898715100173177
342,0.3290921747684479,0.3384924021900676
343,0.17137359082698822,0.3301364616219136
344,0.23788413405418396,0.3255238452435271
345,0.4095667898654938,0.3297259924746255
346,0.27787911891937256,0.32713364879686285
347,0.32729196548461914,0.32714156463125066
348,0.20655320584774017,0.3211121466920751
349,0.3374292552471161,0.3219280021198272
350,0.363901823759079,0.3240266932017898
351,0.3989759087562561,0.3277741539795131
352,0.2717418670654297,0.32497253963380895
353,0.3795265555381775,0.3277002404290274
354,0.3001173734664917,0.3263210970809006
355,0.2779001295566559,0.3239000487046884
356,0.34311169385910034,0.324860630962409
357,0.35474056005477905,0.32635462741702753
358,0.3215067386627197,0.32611223297931213
359,0.5021615028381348,0.3349146964722533
360,0.4897719621658325,0.34265755975693224
361,0.32314497232437134,0.3416819303853042
362,0.4508932828903198,0.34714249801055497
363,0.40479540824890137,0.35002514352247227
364,0.37514105439186096,0.3512809390659417
365,0.3417133092880249,0.35080255757704587
366,0.41802144050598145,0.3541635017234927
367,0.34127795696258545,0.3535192244854473
368,0.40483009815216064,0.356084768168783
369,0.42271876335144043,0.3594164679279159
370,0.3028044104576111,0.3565858650544006
371,0.4771828353404999,0.3626157135687056
372,0.23917250335216522,0.35644355305787856
373,0.23778626322746277,0.35051068856635775
374,0.45481112599372864,0.35572571043772633
375,0.4687769412994385,0.36137827198081196
376,0.26040828227996826,0.35632977249576975
377,0.420960009098053,0.3595612843258839
378,0.35871443152427673,0.35951894168580356
379,0.2489989995956421,0.3539929445812955
380,0.450142502784729,0.35880042249146715
381,0.3211510181427002,0.3569179522740288
382,0.5105932354927063,0.36460171643496264
383,0.43447837233543396,0.3680955492299862
384,0.26427486538887024,0.3629045150379304
385,0.3688207268714905,0.3632003256296084
386,0.4031805396080017,0.3651993363285281
387,0.27033793926239014,0.36045626647522117
388,0.3570070266723633,0.36028380448507824
389,0.2753620445728302,0.3560377164894658
390,0.11791274696588516,0.34413146801328676
391,0.39226433634757996,0.34653811143000146
392,0.4628308117389679,0.3523527464454498
393,0.2762950658798218,0.3485498624171684
394,0.3839915990829468,0.3503219492504573
395,0.3583124279975891,0.3507214731878139
396,0.22119376063346863,0.34424508756009664
397,0.40097981691360474,0.34708182402777205
398,0.2871952950954437,0.3440874975811556
399,0.28024357557296753,0.3408953014807462
400,0.2556193470954895,0.3366315037614833
401,0.4109835624694824,0.3403491066968833
402,0.2675420939922333,0.3367087560616508
403,0.45396897196769714,0.3425717668569531
404,0.3154369294643402,0.3412150249873224
405,0.16332554817199707,0.3323205511465562
406,0.5013430118560791,0.3407716741820323
407,0.44227010011672974,0.3458465954787672
408,0.3430975675582886,0.34570914408274334
409,0.4509965777397156,0.350973515765592
410,0.4661688208580017,0.35673328102021246
411,0.24479272961616516,0.3511362534500101
412,0.3207125663757324,0.3496150690962962
413,0.5610182285308838,0.3601852270680256
414,0.30746352672576904,0.35754914205091276
415,0.3906140923500061,0.3592023895658674
416,0.1727011501789093,0.3498773275965195
417,0.26849865913391113,0.3458083941733891
418,0.35151219367980957,0.34609358414871016
419,0.3537399172782898,0.3464759008051892
420,0.3208604156970978,0.3451951265497846
421,0.25594162940979004,0.3407324516927849
422,0.3363911509513855,0.3405153866557149
423,0.43517017364501953,0.3452481260051801
424,0.48589032888412476,0.35228023614912735
425,0.4635242819786072,0.3578424384406014
426,0.2977655827999115,0.35483859565856685
427,0.2462610900402069,0.34940972037764884
428,0.3440786302089691,0.34914316586921484
429,0.2938331663608551,0.3463776658937968
430,0.42542344331741333,0.3503299547649777
431,0.3387276828289032,0.3497498411681739
432,0.172340527176857,0.3408793754686081
433,0.4237014949321747,0.34502048144178643
434,0.35824286937713623,0.3456816008385539
435,0.4717468321323395,0.3519848624032432
436,0.46762633323669434,0.35776693594491576
437,0.27371877431869507,0.3535645278636047
438,0.3186458945274353,0.35181859619679623
439,0.32232385873794556,0.3503438593238537
440,0.4148562550544739,0.3535694791103847
441,0.4739522933959961,0.3595886198246653
442,0.4356907606124878,0.3633937268640564
443,0.3641255497932434,0.3634303180105158
444,0.3162795603275299,0.3610727801263665
445,0.365980327129364,0.3613181574765164
446,0.4566478431224823,0.3660846417588147
447,0.482694149017334,0.3719151171217407
448,0.2957809269428253,0.36810840761279495
449,0.1633528172969818,0.3578706280970043
450,0.36581656336784363,0.35826792486054626
451,0.38061556220054626,0.35938530672754626
452,0.3361665606498718,0.35822436942366254
453,0.37780529260635376,0.3592034155827971
454,0.35958337783813477,0.359222413695564
455,0.4884735941886902,0.3656849727202203
456,0.4523906707763672,0.3700202576230277
457,0.13592694699764252,0.35831559209175845
458,0.3918097913265228,0.35999030205349664
459,0.31123650074005127,0.3575526119878244
460,0.5027161836624146,0.3648107905715539
461,0.34207093715667725,0.36367379790081006
462,0.501512348651886,0.37056572543836386
463,0.39987069368362427,0.3720309738506269
464,0.3704559803009033,0.3719522241731407
465,0.2873871922492981,0.3677239725769486
466,0.3925546407699585,0.3689655059865991
467,0.3791709542274475,0.36947577839864154
468,0.3232814073562622,0.3671660598465226
469,0.37942999601364136,0.36777925665487854
470,0.398576021194458,0.36931909488185755
471,0.3528478741645813,0.3684955338459937
472,0.30059224367141724,0.36510036933726486
473,0.29243335127830505,0.36146701843431683
474,0.33937880396842957,0.36036260771102246
475,0.21931612491607666,0.3533102835712752
476,0.3734787702560425,0.35431870790551356
477,0.4133663475513458,0.35727108988780515
478,0.4883364140987396,0.3638243560983519
479,0.44842252135276794,0.3680542643610727
480,0.33701932430267334,0.36650251735815276
481,0.325910359621048,0.3644729094712975
482,0.2641286253929138,0.35945569526737836
483,0.2966128885746002,0.3563135549327394
484,0.4171135723590851,0.3593535558040567
485,0.2938583493232727,0.3560787954800175
486,0.2102014273405075,0.34878492707304193
487,0.3017769753932953,0.34643452948905457
488,0.49940088391304016,0.35408284721025385
489,0.38512006402015686,0.355634708050749
490,0.42739516496658325,0.3592227308965407
491,0.32695192098617554,0.35760919040102246
492,0.34581539034843445,0.3570195003983931
493,0.2770501375198364,0.35302103225446524
494,0.3173214793205261,0.35123605460776824
495,0.28752636909484863,0.3480505703321223
496,0.44726771116256714,0.35301142737364455
497,0.5081971883773804,0.3607707154238313
498,0.44710439443588257,0.3650873993744339
499,0.27086812257766724,0.3603764355345956
500,0.32909178733825684,0.35881220312477863
501,0.306811660528183,0.35621217599494887
502,0.3550975024700165,0.35615644231870225
503,0.2781060039997101,0.35225392040275266
504,0.2082592099905014,0.34505418488214007
505,0.1974063515663147,0.33767179321634877
506,0.36452770233154297,0.3390145886721085
507,0.281647264957428,0.3361462224863745
508,0.34161606431007385,0.3364197145775595
509,0.14625778794288635,0.3269116182458258
510,0.4243178963661194,0.3317819321518405
511,0.37614840269088745,0.3340002556787928
512,0.37800782918930054,0.3362006343543182
513,0.39544233679771423,0.33916271947648796
514,0.17208708822727203,0.33080893791402716
515,0.4645445644855499,0.3374957192426033
516,0.3133249580860138,0.33628718118477385
517,0.30852723121643066,0.3348991836863567
518,0.3918425440788269,0.3377463517059802
519,0.3196714520454407,0.33684260672295324
520,0.35720425844192505,0.33786068930890184
521,0.29647642374038696,0.3357914760304761
522,0.3703218698501587,0.33751799572146024
523,0.2309548407793045,0.3321898379743525
524,0.5438544750213623,0.34277306982670297
525,0.3547276258468628,0.343370797627711
526,0.3485659062862396,0.34363055306063744
527,0.4717068076133728,0.35003436578827424
528,0.3156951665878296,0.348317405828252
529,0.28052088618278503,0.34492757984597866
530,0.18666605651378632,0.337014503679369
531,0.3183179199695587,0.3360796744938785
532,0.2828695774078369,0.3334191696395764
533,0.2854383587837219,0.33102012909678363
534,0.44800758361816406,0.33686950182285263
535,0.3956909775733948,0.33981057561037975
536,0.31325337290763855,0.3384827154752427
537,0.35324040055274963,0.33922059972911806
538,0.43401816487312317,0.3439604779863183
539,0.520301103591919,0.35277750926659834
540,0.3701689839363098,0.3536470830000839
541,0.4816749691963196,0.3600484773098957
542,0.4212293028831482,0.36310751858855833
543,0.27765536308288574,0.3588349108132747
544,0.4954628348350525,0.3656663070143636
545,0.4103115200996399,0.3678985676686274
546,0.3925696909427643,0.36913212383233424
547,0.39106103777885437,0.37022856952966027
548,0.2526895999908447,0.3643516210527195
549,0.5529587268829346,0.37378197634423027
550,0.4086321294307709,0.3755244839985573
551,0.3087135851383209,0.37218393905554553
552,0.2599436044692993,0.3665719223262332
553,0.35887232422828674,0.36618694242133587
554,0.4092941880226135,0.3683423047013998
555,0.3725169897079468,0.36855103895172714
556,0.4076329469680786,0.37050513435254473
557,0.33964577317237854,0.36896216629353645
558,0.3610944151878357,0.3685687787382514
559,0.47446146607398987,0.3738634131050383
560,0.4339122474193573,0.37686585482075424
561,0.3442196846008301,0.375233546309758
562,0.3846154510974884,0.3757026415491445
563,0.3897740840911865,0.3764062136762466
564,0.4241735637187958,0.37879458117837406
565,0.5194370746612549,0.3858267058525181
566,0.28200796246528625,0.38063576868315646
567,0.3253783881664276,0.37787289965732
568,0.5842406153678894,0.38819128544284853
569,0.31820106506347656,0.3846917744238799
570,0.2744102478027344,0.37917769809282265
571,0.43905431032180786,0.3821715287042719
572,0.4584171772003174,0.38598381112907415
573,0.5579865574836731,0.3945839484468041
574,0.33299392461776733,0.3915044472553522
575,0.3134283423423767,0.3876006420097034
576,0.29176411032676697,0.3828088154255566
577,0.42008063197135925,0.38467240625284677
578,0.3704313635826111,0.383960354119335
579,0.5472009778022766,0.3921223853034821
580,0.4164947271347046,0.3933410023950432
581,0.363966166973114,0.39187226062394676
582,0.44829893112182617,0.39469359414884075
583,0.50123131275177,0.4000204800789872
584,0.4263730049133301,0.4013381063207044
585,0.41972577571868896,0.4022574897906036
586,0.3490300178527832,0.3995961161937126
587,0.22284717857837677,0.3907586693129458
588,0.32872745394706726,0.38765710854465185
589,0.3849702477455139,0.38752276550469494
590,0.44558244943618774,0.3904257497012696
591,0.28769782185554504,0.38528935330898334
592,0.2844340205192566,0.38024658666949696
593,0.43369561433792114,0.38291903805291816
594,0.24988430738449097,0.3762673015194968
595,0.245025634765625,0.3697052181818032
596,0.433407723903656,0.3728903434678958
597,0.5190463066101074,0.38019814162500637
598,0.32124269008636475,0.3772503690480743
599,0.40222588181495667,0.37849914468641843
600,0.43116071820259094,0.3811322233622271
601,0.4084753394126892,0.3824993791647502
602,0.42476552724838257,0.3846126865689318
603,0.45194464921951294,0.38797928470146087
604,0.34311914443969727,0.3857362776883727
605,0.5576837062835693,0.3943336491181325
606,0.1752755045890808,0.3833807418916799
607,0.3396432399749756,0.3811938667958447
608,0.5106673240661621,0.3876675396593606
609,0.47385814785957336,0.39197707006937127
610,0.2767995595932007,0.3862181945455627
611,0.4271332025527954,0.38826394494592437
612,0.2582240700721741,0.3817619512022368
613,0.4783841371536255,0.38659306049980624
614,0.5006544589996338,0.3922961304247976
615,0.38409656286239624,0.39188615204667754
616,0.25376737117767334,0.3849802130032273
617,0.3809874653816223,0.38478057562214707
618,0.5347959995269775,0.3922813468173886
619,0.3627515733242035,0.3908048581427293
620,0.30250340700149536,0.3863897855856676
621,0.3143131136894226,0.38278595199085536
622,0.4085092544555664,0.3840721171140909
623,0.4443321228027344,0.3870851173985231
624,0.37723061442375183,0.38659239224978453
625,0.31251639127731323,0.38288859220116095
626,0.29186421632766724,0.37833737340748624
627,0.2528702914714813,0.372064019310686
628,0.482869029045105,0.37760426979740697
629,0.42569857835769653,0.3800089852254215
630,0.33416855335235596,0.3777169636317682
631,0.3738960027694702,0.3775259155886533
632,0.35065531730651855,0.37618238567454654
633,0.4403265714645386,0.3793895949640461
634,0.35138511657714844,0.3779893710447012
635,0.4652073383331299,0.38235026940912265
636,0.48533955216407776,0.3874997335468704
637,0.43716534972190857,0.38998301435562227
638,0.4883696436882019,0.39490234582225126
639,0.31970617175102234,0.39114253711868985
640,0.38644281029701233,0.39090755077760597
641,0.466337651014328,0.39467905578944207
642,0.3109888732433319,0.39049454666213657
643,0.32941222190856934,0.3874404304244582
644,0.45062851905822754,0.3905998348561467
645,0.3713521361351013,0.3896374499200944
646,0.4355752766132355,0.39193434125475146
647,0.4898999035358429,0.39683261936880604
648,0.4914945363998413,0.4015657152203578
649,0.4779461920261383,0.4053847390606468
650,0.4250982403755188,0.4063704141263904
651,0.3649616837501526,0.4042999776075785
652,0.4516262710094452,0.40666629227767187
653,0.29698407649993896,0.4011821814887852
654,0.4077693521976471,0.40151154002422834
655,0.28808096051216125,0.395840011048625
656,0.4064268469810486,0.3963693528452462
657,0.22749148309230804,0.3879254593575993
658,0.3859134912490845,0.38782486095217356
659,0.4244198203086853,0.38965460891999915
660,0.41843146085739136,0.39109345151686875
661,0.43756285309791565,0.39341692159592107
662,0.310218870639801,0.38925701904811505
663,0.37641286849975586,0.38861481152069705
664,0.5207388401031494,0.39522101294981965
665,0.18627797067165375,0.38477386083591136
666,0.4895729124546051,0.39001381341684604
667,0.3835996687412262,0.3896931061830651
668,0.34150299429893494,0.3872836005888586
669,0.40018388628959656,0.38792861487389546
670,0.25916093587875366,0.38149023092413836
671,0.3385589122772217,0.3793436649917925
672,0.2734403610229492,0.37404849979335036
673,0.406805157661438,0.3756863326867548
674,0.3500308394432068,0.37440355802457737
675,0.37913233041763306,0.37463999664423014
676,0.3846815526485443,0.37514207444444586
677,0.19999107718467712,0.36638452458145737
678,0.45427048206329346,0.37077882245554916
679,0.3243226408958435,0.36845601337756384
680,0.3752734065055847,0.3687968830339649
681,0.5696675777435303,0.3788404177694432
682,0.34830814599990845,0.3773138041809665
683,0.30824777483940125,0.37386050271388827
684,0.4481012225151062,0.3775725387039492
685,0.4461710453033447,0.38100246403391896
686,0.37168318033218384,0.3805364998488322
687,0.39157792925834656,0.3810885713193079
688,0.44576728343963623,0.3843225069253243
689,0.2673114836215973,0.378471955760138
690,0.2566142976284027,0.3723790728535512
691,0.4057806134223938,0.37404914988199334
692,0.4265129566192627,0.3766723402188568
693,0.431117981672287,0.3793946222915283
694,0.2686502933502197,0.37385740584446286
695,0.3302474617958069,0.37167690864203007
696,0.3321363925933838,0.36969988283959776
697,0.47430679202079773,0.37493022829865774
698,0.15004107356071472,0.3636857705617606
699,0.21485742926597595,0.35624435349697137
700,0.45765724778175354,0.3613149982112105
701,0.2951893210411072,0.3580087143527053
702,0.4766552448272705,0.3639410408764336
703,0.24792727828025818,0.3581403527466248
704,0.45691967010498047,0.36307931861454257
705,0.3388434648513794,0.3618675259263844
706,0.38293546438217163,0.36292092284917377
707,0.37698572874069214,0.3636241631437497
708,0.31480371952056885,0.36118314096259063
709,0.32668405771255493,0.35945818680008884
710,0.4013538658618927,0.36155297075317905
711,0.4218671917915344,0.36456868180509683
712,0.3828992247581482,0.3654852089527494
713,0.3853713274002075,0.3664795148751223
714,0.3082273006439209,0.36356690416356224
715,0.464246541261673,0.3686008860184678
716,0.4081556797027588,0.3705786257026823
717,0.35427922010421753,0.3697636554227591
718,0.3453604578971863,0.36854349554648047
719,0.3648397922515869,0.36835831038173583
720,0.4850737154483795,0.37419408063506804
721,0.46265459060668945,0.37861710613364913
722,0.5080113410949707,0.3850868178817152
723,0.4766417145729065,0.3896645627162748
724,0.23531115055084229,0.38194689210800314
725,0.3460029363632202,0.38014969432076395
726,0.47383761405944824,0.3848340903076982
727,0.49207499623298645,0.39019613560396266
728,0.4868811368942261,0.3950303856684758
729,0.38473260402679443,0.39451549658639173
730,0.40620237588882446,0.39509984055151337
731,0.3475390672683716,0.3927218018873563
732,0.32134586572647095,0.389153005079312
733,0.43879151344299316,0.39163493049749604
734,0.4418219327926636,0.3941442806122544
735,0.39041832089424133,0.39395798262635373
736,0.24197055399417877,0.38635861119474496
737,0.4431003928184509,0.3891957002759303
738,0.29485201835632324,0.38447851617994994
739,0.4004950225353241,0.38527934149771864
740,0.3544553816318512,0.3837381435044253
741,0.2798876166343689,0.3785456171609225
742,0.30543774366378784,0.37489022348606577
743,0.40396684408187866,0.3763440545158564
744,0.45154017210006714,0.38010386039506694
745,0.47377848625183105,0.38478759168790516
746,0.41258683800697327,0.38617755400385856
747,0.4159758687019348,0.38766746973876237
748,0.3000263571739197,0.38328541411052025
749,0.2243991643190384,0.3753411016209462
750,0.35361534357070923,0.3742548137184344
751,0.41169968247413635,0.3761270571562195
752,0.2805303931236267,0.37134722395458986
753,0.2242952287197113,0.36399462419284595
754,0.4283238351345062,0.367211084739929
755,0.4660837650299072,0.3721547187544279
756,0.3734327256679535,0.3722186191001042
757,0.38888686895370483,0.3730520315927842
758,0.4061136245727539,0.37470511124178274
759,0.16039162874221802,0.3639894371168045
760,0.2797591984272003,0.35977792518232427
761,0.23929011821746826,0.3537535348340815
762,0.3397107422351837,0.35305139520413664
763,0.2956892251968384,0.35018328670377175
764,0.3605855703353882,0.35070340088535257
765,0.4909682869911194,0.35771664519064095
766,0.34569400548934937,0.3571155132055764
767,0.2859741449356079,0.35355844479207793
768,0.4667779207229614,0.3592194185886221
769,0.3641347289085388,0.359465184104618
770,0.4133724868297577,0.362160549240875
771,0.3519465923309326,0.36164985139537786
772,0.34832167625427246,0.3609834426383226
773,0.3511228561401367,0.3604904133134133
774,0.514541506767273,0.3681929679861063
775,0.4525093734264374,0.37240878825812285
776,0.31501689553260803,0.3695391936218471
777,0.40301722288131714,0.37121309508482064
778,0.44870224595069885,0.37508755262811455
779,0.26175880432128906,0.36942111521277327
780,0.33606672286987305,0.36775339559562825
781,0.3524104952812195,0.36698625057990786
782,0.4168732166290283,0.3694805988823639
783,0.5880289077758789,0.38040801432703963
784,0.4277791976928711,0.3827765734953312
785,0.6304084062576294,0.3951581651334461
786,0.5218710899353027,0.4014938113735389
787,0.3783014714717865,0.4003341943784513
788,0.293357253074646,0.394985347313261
789,0.5101282596588135,0.40074249293053865
790,0.3036271333694458,0.395886724952484
791,0.4833615720272064,0.4002604673062201
792,0.4667026400566101,0.40358257594373964
793,0.3938451409339905,0.4030957041932522
794,0.29919129610061646,0.3979004837886204
795,0.28113436698913574,0.3920621779486462
796,0.3579467535018921,0.39035640672630845
797,0.27314746379852295,0.38449595957991917
798,0.1656763106584549,0.37355497713384594
799,0.33209607005119324,0.3714820317797133
800,0.37202441692352295,0.37150915103690374
801,0.4145684242248535,0.37366211469630123
802,0.48410269618034363,0.37918414377050336
803,0.5551509857177734,0.3879824858678669
804,0.3764602243900299,0.38740637279397505
805,0.204207643866539,0.37824643634760324
806,0.3986321687698364,0.3792657229687149
807,0.2998211681842804,0.3752934952294932
808,0.5601785182952881,0.38453774638278293
809,0.3810809254646301,0.3843649053368753
810,0.4591566324234009,0.38810449169120154
811,0.4425952434539795,0.39082902927934043
812,0.4081437885761261,0.39169476724417973
813,0.3662307858467102,0.39042156817430623
814,0.4031776189804077,0.39105937071461133
815,0.44382941722869873,0.3936978730403157
816,0.31356528401374817,0.3896912435889873
817,0.3478366434574127,0.3875985135824086
818,0.5359338521957397,0.39501528051307516
819,0.459411084651947,0.39823507072001874
820,0.42125076055526733,0.39938585521178116
821,0.41450491547584534,0.4001418082249844
822,0.30199283361434937,0.3952343594944526
823,0.37595516443252563,0.39427039974135625
824,0.25322312116622925,0.3872180358125999
825,0.4590778350830078,0.3908110257761203
826,0.30025821924209595,0.3862833854494191
827,0.4171731472015381,0.387827873537025
828,0.37064701318740845,0.38696883051954417
829,0.37613847851753235,0.3864273129194436
830,0.36583346128463745,0.3853976203377033
831,0.3253071904182434,0.3823930988417303
832,0.18845269083976746,0.37269607844163216
833,0.3589375913143158,0.37200815408526633
834,0.2705385684967041,0.3669346748058382
835,0.3956562876701355,0.36837075544905307
836,0.2247617393732071,0.36119030464526075
837,0.34077632427215576,0.3601696056266055
838,0.2862350642681122,0.3564728785586808
839,0.3409818410873413,0.3556983266851138
840,0.3903915286064148,0.35743298678117885
841,0.47781920433044434,0.3634522976586422
842,0.2962037920951843,0.36008987238046924
843,0.3700112998485565,0.36058594375387365
844,0.44234877824783325,0.36467408547857166
845,0.27295827865600586,0.36008829513744334
846,0.39860522747039795,0.3620141417540911
847,0.38547036051750183,0.36318695269226164
848,0.3938986659049988,0.36472253835289853
849,0.3210458755493164,0.3625387052127194
850,0.4319021999835968,0.3660068799512633
851,0.41939249634742737,0.3686761607710715
852,0.4819859564304352,0.3743416505540397
853,0.2931251525878906,0.3702808256557322
854,0.2975226640701294,0.3666429175764521
855,0.21139977872371674,0.3588807606338153
856,0.4999862611293793,0.3659360356585935
857,0.262941837310791,0.3607863257412034
858,0.43813765048980713,0.36465389197863357
859,0.47895970940589905,0.37036918284999687
860,0.24146687984466553,0.36392406769973035
861,0.3311719000339508,0.3622864593164414
862,0.4427974224090576,0.3663120074710722
863,0.5939305424690247,0.37769293422096983
864,0.352874219417572,0.37645199848079997
865,0.25723227858543396,0.37049101248603167
866,0.3132244348526001,0.3676276836043601
867,0.3825775384902954,0.3683751763486569
868,0.1923505961894989,0.359573947340699
869,0.3912179470062256,0.36115614732397533
870,0.4534585475921631,0.36577126733738474
871,0.3668861389160156,0.3658270109163163
872,0.41202616691589355,0.3681369687162952
873,0.41747498512268066,0.3706038695366145
874,0.28326642513275146,0.3662369973164214
875,0.5193643569946289,0.3738933653003318
876,0.4284782409667969,0.3766226090836551
877,0.42680877447128296,0.3791319173530365
878,0.3980843424797058,0.38007953860936994
879,0.3774367868900299,0.37994740102340296
880,0.3552420139312744,0.3787121316687965
881,0.39339688420295715,0.37944636929550457
882,0.5250972509384155,0.3867289133776501
883,0.1443357914686203,0.37460925728219857
884,0.397014856338501,0.3757295372350137
885,0.3389051854610443,0.3738883196463152
886,0.2514652609825134,0.36776716671312515
887,0.49361202120780945,0.37405940943785937
888,0.4345395863056183,0.3770834182812473
889,0.35012537240982056,0.37573551598767596
890,0.09482596814632416,0.36169003859560833
891,0.24523921310901642,0.3558674973212787
892,0.5041537284851074,0.36328180887947015
893,0.44313597679138184,0.3672745172750657
894,0.3794071078300476,0.3678811468028148
895,0.415214478969574,0.37024781341115276
896,0.2705746293067932,0.3652641542059348
897,0.29559069871902466,0.36178048143158925
898,0.24707253277301788,0.3560450839986607
899,0.2424408197402954,0.35036487078574247
900,0.4583311975002289,0.35576318712146676
901,0.38488173484802246,0.35721911450779453
902,0.574015200138092,0.3680589187893094
903,0.3852798044681549,0.36891996307325164
904,0.22749359905719757,0.36184864487244894
905,0.43216216564178467,0.36536432091091575
906,0.2610127925872803,0.360146744494734
907,0.24852682650089264,0.3545657485950419
908,0.4099522829055786,0.35733507531056874
909,0.3698001503944397,0.3579583290647623
910,0.31776583194732666,0.3559487042088905
911,0.32310283184051514,0.35430641059047174
912,0.45387497544288635,0.3592848388330925
913,0.3209363520145416,0.3573674144921649
914,0.25835511088371277,0.3524167993117423
915,0.3176385164260864,0.3506778851674595
916,0.29833701252937317,0.3480608415355552
917,0.4925026297569275,0.35528293094662383
918,0.3781741261482239,0.3564274907067038
919,0.2905005216598511,0.35313114225436115
920,0.3292616307735443,0.3519376666803203
921,0.3388107120990753,0.351281318951258
922,0.31877240538597107,0.34965587327299363
923,0.46289849281311035,0.3553180042499995
924,0.10849497467279434,0.34297685277113926
925,0.2920335531234741,0.340429687788756
926,0.2300085425376892,0.3349086305262027
927,0.3625986874103546,0.3362931333704103
928,0.4176029562950134,0.3403586245166404
929,0.19062606990337372,0.332871996785977
930,0.5337649583816528,0.3429166448657608
931,0.3455315828323364,0.3430473917640896
932,0.3153158128261566,0.34166081281719296
933,0.434716135263443,0.3463135789395055
934,0.4304808974266052,0.3505219448638605
935,0.3520888686180115,0.3506002910515681
936,0.43766695261001587,0.3549536241294905
937,0.32180720567703247,0.3532963032068676
938,0.2683635950088501,0.3490496677969667
939,0.3916875123977661,0.35118156002700673
940,0.5146453380584717,0.35935474892858
941,0.5454100370407104,0.36865751333418656
942,0.56117844581604,0.3782835599582792
943,0.47365283966064453,0.3830520239433975
944,0.34082430601119995,0.3809406380467876
945,0.3748050332069397,0.3806338578047952
946,0.3824939727783203,0.38072686355347146
947,0.2525344491004944,0.37431724283082257
948,0.4040820598602295,0.37580548368229294
949,0.4669043719768524,0.3803604280970209
950,0.3247489929199219,0.377579856338166
951,0.35978201031684875,0.37668996403710014
952,0.26784634590148926,0.3712477831303196
953,0.496863454580307,0.377528566702819
954,0.321599543094635,0.37473211552240976
955,0.42715343832969666,0.3773531816627741
956,0.3519638776779175,0.3760837164635313
957,0.2694284915924072,0.3707509552199751
958,0.4305054545402527,0.373738680185989
959,0.4548451602458954,0.37779400418898434
960,0.41068267822265625,0.37943843789066795
961,0.3598378300666809,0.37845840749946863
962,0.43740716576576233,0.38140584541278333
963,0.30765020847320557,0.37771806356580445
964,0.3417147696018219,0.3759178988676053
965,0.3382248878479004,0.37403324831662005
966,0.44166213274002075,0.3774146925377901
967,0.5273260474205017,0.38491026028192565
968,0.24721698462963104,0.3780255964993109
969,0.41812270879745483,0.38003045211421804
970,0.3827659487724304,0.3801672269471287
971,0.3639460504055023,0.37935616812004735
972,0.4298328757286072,0.38188000350047535
973,0.3631887137889862,0.3809454390149009
974,0.34100502729415894,0.3789484184288638
975,0.48017188906669617,0.3840095919607554
976,0.3229224383831024,0.3809552342818728
977,0.446768581867218,0.38424590166114003
978,0.3153405785560608,0.3808006355058861
979,0.4714573919773102,0.3853334733294573
980,0.38485419750213623,0.38530950953809123
981,0.4099165201187134,0.3865398600671223
982,0.5074032545089722,0.39258302978921483
983,0.40770676732063293,0.39333921666578575
984,0.4320133626461029,0.3952729239648016
985,0.4190092086791992,0.3964597382005215
986,0.3205083906650543,0.3926621708237481
987,0.321379691362381,0.3890980468506797
988,0.5167950391769409,0.3954828964669928
989,0.35163614153862,0.39329055872057417
990,0.30471599102020264,0.38886183033555555
991,0.4665871262550354,0.39274809513152953
992,0.22776533663272858,0.3844989572065895
993,0.41397225856781006,0.38597262227465057
994,0.4333338141441345,0.38834068186812476
995,0.32613009214401245,0.3852301523819191
996,0.3786298334598541,0.3849001364358159
997,0.3304062783718109,0.3821754435326156
998,0.2602301836013794,0.3760781805360538
999,0.36383408308029175,0.37546597566326567
1000,0.5035061836242676,0.3818679860613158
1001,0.42459362745285034,0.3840042681308925
1002,0.41886448860168457,0.3857472791544321
1003,0.334867388010025,0.3832032845972117
1004,0.3809499442577362,0.38309061758023794
1005,0.3148084878921509,0.37967651109583356
1006,0.31401801109313965,0.37639358609569884
1007,0.3606526553630829,0.37560653955906803
1008,0.36405375599861145,0.3750289003810452
1009,0.3828936815261841,0.3754221394383021
1010,0.4452446699142456,0.3789132659620993
1011,0.37279370427131653,0.37860728787756015
1012,0.457640677690506,0.38255895736820744
1013,0.387809157371521,0.38282146736837314
1014,0.3188156485557556,0.37962117642774224
1015,0.3578900992870331,0.3785346225707068
1016,0.2174130529165268,0.3704785440879978
1017,0.5014503002166748,0.37702713189443166
1018,0.41814103722572327,0.3790828271609962
1019,0.6122950911521912,0.39074344036055597
1020,0.28793179988861084,0.38560285833695873
1021,0.43124300241470337,0.387884865540846
1022,0.5417187213897705,0.39557655833329225
1023,0.3654666841030121,0.3940710646217782
1024,0.4454514980316162,0.39664008629227016
1025,0.44287586212158203,0.39895187508373575
1026,0.347350150346756,0.39637178884688673
1027,0.31219685077667236,0.392163041943376
1028,0.48958393931388855,0.3970340868119016
1029,0.3931451141834259,0.39683963818047785
1030,0.45568957924842834,0.39978213523387535
1031,0.43939122557640076,0.4017625897510016
1032,0.41306495666503906,0.40232770809670343
1033,0.568030595779419,0.41061285248083923
1034,0.2766486406326294,0.40391464188842874
1035,0.5115594267845154,0.4092968811332331
1036,0.33515530824661255,0.4055898024889021
1037,0.39978691935539246,0.4052996583322266
1038,0.3413352072238922,0.4021014357768099
1039,0.32314395904541016,0.3981535619402399
1040,0.25461074709892273,0.39097642119817405
1041,0.33009767532348633,0.38793248390443963
1042,0.31519490480422974,0.38429560494942916
1043,0.21544292569160461,0.3758529709865379
1044,0.33799007534980774,0.37395982620470136
1045,0.42467209696769714,0.37649543974285116
1046,0.458736389875412,0.38060748724947924
1047,0.2628660202026367,0.3747204138971371
1048,0.3215571939945221,0.3720622529020064
1049,0.30730104446411133,0.3688241924801116
1050,0.24745720624923706,0.3627558431685679
1051,0.3222441077232361,0.3607302563963013
1052,0.30386853218078613,0.35788717018552557
1053,0.5007977485656738,0.365032699104533
1054,0.5776927471160889,0.3756657015051108
1055,0.3562735915184021,0.37469609600577536
1056,0.40105533599853516,0.3760140580054134
1057,0.2875867187976837,0.3715926910450269
1058,0.3457413911819458,0.37030012605187285
1059,0.3867982029914856,0.3711250298988535
1060,0.5128417611122131,0.3782108664595215
1061,0.4702538549900055,0.3828130158860457
1062,0.4543728828430176,0.3863910092338943
1063,0.33871835470199585,0.3840073765072993
1064,0.30794429779052734,0.38020422257146075
1065,0.3749099671840668,0.37993950980209107
1066,0.3669516444206238,0.3792901165330177
1067,0.254666805267334,0.3730589509697335
1068,0.5397791266441345,0.3813949597534536
1069,0.298007994890213,0.3772256115102916
1070,0.27493008971214294,0.37211083542038415
1071,0.30822113156318665,0.3689163502275243
1072,0.35260871052742004,0.36810096824251903
1073,0.43131697177886963,0.37126176841933656
1074,0.5079492330551147,0.3780961416511255
1075,0.3603024482727051,0.37720645698220445
1076,0.27707958221435547,0.37220011324381197
1077,0.31943392753601074,0.3695618039584219
1078,0.37090399861335754,0.3696289136911687
1079,0.34217262268066406,0.36825609914064344
1080,0.1334085464477539,0.35651372150599897
1081,0.4140655994415283,0.35939131540277547
1082,0.49799424409866333,0.36632146183756986
1083,0.5541015267372131,0.37571046508255207
1084,0.43414703011512756,0.37863229333418086
1085,0.41108438372612,0.3802548978537778
1086,0.4650007486343384,0.38449219039280585
1087,0.38388335704803467,0.38446174872556726
1088,0.4677356481552124,0.38862544369704954
1089,0.5725427865982056,0.3978213108421073
1090,0.2877241373062134,0.3923164521653126
1091,0.5402870774269104,0.39971498342839246
1092,0.32165953516960144,0.3958122110154529
1093,0.38138431310653687,0.3950908161200071
1094,0.31333762407302856,0.3910031565176582
1095,0.4302307665348053,0.3929645370185156
1096,0.41044265031814575,0.39383844268349705
1097,0.4057192802429199,0.3944324845614682
1098,0.18648198246955872,0.38403495945687266
1099,0.4584476351737976,0.3877555932427189
1100,0.27616870403289795,0.3821762487822279
1101,0.30993205308914185,0.3785640389975736
1102,0.3720715045928955,0.3782394122773397
1103,0.441438227891922,0.3813993530580688
1104,0.3312089443206787,0.3788898326211993
1105,0.35400086641311646,0.37764538431079514
1106,0.30522847175598145,0.37402453868305446
1107,0.31867891550064087,0.3712572575239338
1108,0.519347608089447,0.3786617750522095
1109,0.36103951930999756,0.3777806622650989
1110,0.3478430509567261,0.37628378169968024
1111,0.4044085741043091,0.37769002131991164
1112,0.4304049611091614,0.38032576830937415
1113,0.4802807867527008,0.3853235192315405
1114,0.21758532524108887,0.3769366095320179
1115,0.27962204813957214,0.37207088146239564
1116,0.5297490358352661,0.37995478918103914
1117,0.34319600462913513,0.37811684995344397
1118,0.3674794137477875,0.3775849781431611
1119,0.45507341623306274,0.38145940004765616
1120,0.5434917211532593,0.3895610161029363
1121,0.28856003284454346,0.3845109669400167
1122,0.5009713172912598,0.39033398445757883
1123,0.30062606930732727,0.3858485887000662
1124,0.3990520238876343,0.38650876045944466
1125,0.35381582379341125,0.384874113626143
1126,0.28217118978500366,0.379738967434086
1127,0.43831387162208557,0.382667712643486
1128,0.21235600113868713,0.374152127068246
1129,0.42526528239250183,0.37670778483445877
1130,0.3367792069911957,0.3747113559422956
1131,0.4827326536178589,0.38011242082607377
1132,0.2773868441581726,0.3749761419926787
1133,0.37401095032691956,0.37492788240939073
1134,0.41911470890045166,0.37713722373394376
1135,0.3563847541809082,0.37609960025629197
1136,0.22981418669223785,0.36878532957808924
1137,0.36146700382232666,0.3684194132903011
1138,0.3689652681350708,0.36844670603253954
1139,0.28990596532821655,0.36451966899732335
1140,0.38015905022621155,0.36530163805876775
1141,0.4518948495388031,0.3696312986327695
1142,0.29458117485046387,0.36587879244365423
1143,0.28920379281044006,0.36204504246199354
1144,0.2793422341346741,0.35790990204562756
1145,0.2601131796836853,0.35302006592753044
1146,0.41658103466033936,0.35619811436417087
1147,0.3208904266357422,0.35443272997774944
1148,0.28517386317253113,0.3509697866374885
1149,0.5733813643455505,0.36209036552289164
1150,0.49029847979545593,0.36850077123651986
1151,0.3281570076942444,0.36648358305940604
1152,0.4847896099090576,0.3723988844018886
1153,0.362270712852478,0.3718924758244181
1154,0.2774117588996887,0.36716843997818166
1155,0.26805558800697327,0.36221279737962125
1156,0.39860278367996216,0.36403229669463827
1157,0.549142599105835,0.3732878118151981
1158,0.3837943971157074,0.37381314108022357
1159,0.415529727935791,0.37589897042300197
1160,0.38369080424308777,0.3762885621140063
1161,0.3824070692062378,0.3765944874686179
1162,0.3004998564720154,0.37278975591878777
1163,0.25213417410850525,0.3667569768282737
1164,0.36649489402770996,0.3667438726882455
1165,0.4933505356311798,0.37307420583539225
1166,0.44005152583122253,0.37642307183518375
1167,0.35375481843948364,0.3752896591653987
1168,0.43857651948928833,0.3784540021815932
1169,0.25505104660987854,0.37228385440300743
1170,0.3086150288581848,0.36910041312576625
1171,0.38654956221580505,0.3699728705802682
1172,0.39684635400772095,0.37131654475164083
1173,0.5244457125663757,0.3789730031423776
1174,0.5089442729949951,0.3854715666350085
1175,0.24011579155921936,0.37820377788121906
1176,0.32048022747039795,0.37531760036067796
1177,0.34322768449783325,0.3737131045675357
1178,0.41882649064064026,0.37596877387119093
1179,0.4371696412563324,0.379028817240448
1180,0.2901909351348877,0.37458692313516995
1181,0.5570026636123657,0.3837077101590297
1182,0.39359036087989807,0.3842018426950731
1183,0.5620091557502747,0.3930922083478332
1184,0.2749716639518738,0.3871861811280352
1185,0.5101474523544312,0.393334244689355
1186,0.45707783102989197,0.3965214240063819
1187,0.5541889667510986,0.40440480114361776
1188,0.38794153928756714,0.4035816380508152
1189,0.42719098925590515,0.40476210561106973
1190,0.3233087360858917,0.4006894371348108
1191,0.34216755628585815,0.39776334309236316
1192,0.3742660880088806,0.39658848033818905
1193,0.20572523772716522,0.3870453182076379
1194,0.46364182233810425,0.3908751434141612
1195,0.26975521445274353,0.3848191469660903
1196,0.3918631374835968,0.3851713464919656
1197,0.48012006282806396,0.38991878230877053
1198,0.2502918839454651,0.3829374373906052
1199,0.3627163767814636,0.38192638436014814
1200,0.38380226492881775,0.3820201783885816
1201,0.35775187611579895,0.38080676327494245
1202,0.4404657781124115,0.38378971401681594
1203,0.33389657735824585,0.3812950571838874
1204,0.3118721842765808,0.37782391353852207
1205,0.32097768783569336,0.3749816022533807
1206,0.30157002806663513,0.3713110235440434
1207,0.3321760296821594,0.36935427385094916
1208,0.2314538210630417,0.3624592512115538
1209,0.3339787721633911,0.36103522725914566
1210,0.36432546377182007,0.3611997390847794
1211,0.4824540615081787,0.3672624552059494
1212,0.4560079872608185,0.37169973180869287
1213,0.5050842761993408,0.37836895902822526
1214,0.2840641736984253,0.3736537197617352
1215,0.37585756182670593,0.3737639118649838
1216,0.3201913833618164,0.37108528543982544
1217,0.43581268191337585,0.374321655263503
1218,0.48800602555274963,0.3800058737779653
1219,0.4112697243690491,0.3815690663075195
1220,0.4546242952346802,0.38522182775387753
1221,0.5021370053291321,0.3910675866326403
1222,0.3670651614665985,0.3898674653743382
1223,0.4661770761013031,0.3936829459106865
1224,0.4782854914665222,0.39791307318847824
1225,0.4568376839160919,0.40085930372485895
1226,0.4116794764995575,0.40140031236359386
1227,0.3917790353298187,0.4009192485119051
1228,0.3488846719264984,0.39831751968263474
1229,0.45023977756500244,0.4009136325767531
1230,0.24393939971923828,0.39306492093387735
1231,0.19286496937274933,0.3830549233558209
1232,0.3838229179382324,0.3830933230849415
1233,0.39426639676094055,0.3836519767687414
1234,0.47497934103012085,0.3882183449818104
1235,0.568234920501709,0.3972191737578053
1236,0.5434535145759583,0.40453089079871296
1237,0.451686829328537,0.40688868772520415
1238,0.37088271975517273,0.4050883893267026
1239,0.49978703260421753,0.4098233214905783
1240,0.2718440294265747,0.4029243568873781
1241,0.5247148871421814,0.40901388340011824
1242,0.3961683213710785,0.40837160529866623
1243,0.38820260763168335,0.4073631554153171
1244,0.2798665165901184,0.4009883234740571
1245,0.5669540166854858,0.4092866081346285
1246,0.5229982137680054,0.41497218841629735
1247,0.4183405935764313,0.415140608674304
1248,0.38820260763168335,0.41379370862217296
1249,0.2714351713657379,0.4066757817593512
1250,0.5637118816375732,0.41452758675326234
1251,0.20916374027729034,0.40425939442946374
1252,0.45627474784851074,0.4068601621004161
1253,0.32413333654403687,0.4027238208225971
1254,0.31710731983184814,0.3984429957730597
1255,0.5210660696029663,0.40457414946455506
1256,0.3123142123222351,0.3999611526074391
1257,0.3652290105819702,0.3982245455061656
1258,0.3099403977394104,0.39381033811782784
1259,0.3998849093914032,0.3941140666815066
1260,0.3749476373195648,0.3931557452134095
1261,0.36476850509643555,0.3917363832075608
1262,0.35956618189811707,0.39012787314208863
1263,0.5021591186523438,0.3957294354176014
1264,0.38542965054512024,0.39521444617397733
1265,0.34271255135536194,0.3925893514330465
1266,0.4033714234828949,0.39312845503553895
1267,0.46867620944976807,0.3969058427562504
1268,0.23831027746200562,0.38897606449153815
1269,0.3270839750766754,0.385881460020795
1270,0.2958306670188904,0.38137892037069976
1271,0.5359125733375549,0.38910560301904257
1272,0.39601612091064453,0.38945112891362266
1273,0.3880542516708374,0.3893812850514834
1274,0.2881198227405548,0.38431821193593696
1275,0.3129623234272003,0.3807504175105001
1276,0.3502015769481659,0.3792229754823834
1277,0.32242006063461304,0.3763828297399948
1278,0.5161923170089722,0.38337330410344367
1279,0.2591004967689514,0.37715966373671905
1280,0.5177035927772522,0.3841868601887457
1281,0.3868071436882019,0.3843178743637185
1282,0.38971561193466187,0.3845877612422657
1283,0.43806010484695435,0.3872613784225001
1284,0.3450537919998169,0.3851509991013659
1285,0.2880174517631531,0.38029432173445527
1286,0.3247935175895691,0.3775192815272109
1287,0.319268137216568,0.3746067243116788
1288,0.5323938727378845,0.3824960817329891
1289,0.42258110642433167,0.38450033296755626
1290,0.3110801577568054,0.3808293242070187
1291,0.288791686296463,0.3762274423114909
1292,0.46143901348114014,0.3804880208699734
1293,0.4211074113845825,0.38251899039570386
1294,0.3217857778072357,0.3794823297662805
1295,0.42111873626708984,0.38156415009132094
1296,0.40516024827957153,0.38274395500073344
1297,0.295543909072876,0.37838395270434055
1298,0.26508739590644836,0.3727191248644459
1299,0.4412205219268799,0.37614419471756766
1300,0.2014823853969574,0.3674111042515371
1301,0.3931143283843994,0.36869626545818024
1302,0.47515884041786194,0.3740193942061643
1303,0.48125573992729187,0.3793812114922207
1304,0.41119152307510376,0.38097172707136484
1305,0.3745405077934265,0.38065016610746794
1306,0.44444435834884644,0.38383987571953687
1307,0.37336665391921997,0.38331621462952103
1308,0.44701674580574036,0.386501241188332
1309,0.3487790822982788,0.38461513324382934
1310,0.29677844047546387,0.38022329860541104
1311,0.2853224277496338,0.37547825506262217
1312,0.5095213055610657,0.38218040758754435
1313,0.32602375745773315,0.37937257508105376
1314,0.2926748991012573,0.37503769128206393
1315,0.3299682140350342,0.37278421741971246
1316,0.4417750835418701,0.3762337607258204
1317,0.42088520526885986,0.3784663329529724
1318,0.5670770406723022,0.3878968683389389
1319,0.26160645484924316,0.3815823476644541
1320,0.3619323968887329,0.38059985012566805
1321,0.4052389860153198,0.3818318069201507
1322,0.454813688993454,0.3854809010238158
1323,0.4718078076839447,0.3897972463568223
1324,0.314439058303833,0.38602933695417285
1325,0.36079055070877075,0.3847673976419027
1326,0.2955646514892578,0.3803072603342705
1327,0.399396687746048,0.3812617317048594
1328,0.38234761357307434,0.3813160257982702
1329,0.3580717444419861,0.380153811730456
1330,0.4940015971660614,0.38584620100223627
1331,0.6021004915237427,0.39665891552831156
1332,0.5212041139602661,0.4028861754499093
1333,0.39461976289749146,0.40247285482228845
1334,0.4234936833381653,0.40352389624808227
1335,0.4276241660118103,0.4047289097362687
1336,0.43813228607177734,0.4063990785530441
1337,0.3481152057647705,0.4034848849136304
1338,0.4370284378528595,0.40516206256059184
1339,0.2587618827819824,0.39784205357166136
1340,0.312520831823349,0.39357599248424574
1341,0.3802896738052368,0.3929116765502953
1342,0.36013853549957275,0.39127301949775917
1343,0.4661622643470764,0.395017481740225
1344,0.3417923152446747,0.3923562234154475
1345,0.4108039140701294,0.3932786079481816
1346,0.19748353958129883,0.38348885452983744
1347,0.35111162066459656,0.3818699928365754
1348,0.46956413984298706,0.386254700186896
1349,0.3386245369911194,0.3838731920271072
1350,0.3104475736618042,0.380201911108842
1351,0.5362917184829712,0.38800640147754845
1352,0.24472227692604065,0.38084219524997304
1353,0.22914287447929382,0.3732572292114391
1354,0.44563305377960205,0.3768760204398473
1355,0.3637816309928894,0.3762213009674994
1356,0.5345706939697266,0.38413877061761076
1357,0.27965131402015686,0.37891439778773806
1358,0.32963401079177856,0.37645037843794005
1359,0.2749333381652832,0.3713745264243072
1360,0.3043094575405121,0.36802127298011744
1361,0.29550307989120483,0.3643953633256718
1362,0.3851029574871063,0.3654307430337435
1363,0.46070683002471924,0.3701945473832923
1364,0.37991705536842346,0.3706806727825489
1365,0.49352800846099854,0.3768230395664714
1366,0.3289666771888733,0.37443022144759147
1367,0.35869431495666504,0.3736434261230452
1368,0.28086310625076294,0.369004410129431
1369,0.3577408492565155,0.3684412320857853
1370,0.4472993016242981,0.37238413556271094
1371,0.3725963234901428,0.37239474495908254
1372,0.28943192958831787,0.36824660419054434
1373,0.38286909461021423,0.36897772871152784
1374,0.2980656623840332,0.36543212539515313
1375,0.5140072107315063,0.3728608796619708
1376,0.406364381313324,0.37453605474453844
1377,0.6027252674102783,0.38594551537782545
1378,0.4263760447502136,0.38796704184644487
1379,0.2900083065032959,0.38306910507928743
1380,0.3475174903869629,0.3812915243446712
1381,0.48543527722358704,0.38649871198861696
1382,0.3850547671318054,0.3864265147457764
1383,0.5046383142471313,0.39233710472084415
1384,0.3987352252006531,0.3926570107448346
1385,0.4448055624961853,0.39526443833240216
1386,0.4091941714286804,0.3959609249872161
1387,0.22219108045101166,0.38727243276040585
1388,0.21948905289173126,0.3788832637669721
1389,0.3232254385948181,0.3761003725083644
1390,0.42432472109794617,0.3785115899378435
1391,0.48741793632507324,0.383956907257205
1392,0.3343117833137512,0.38147465106003225
1393,0.3131028711795807,0.37805606206600967
1394,0.3746056854724884,0.3778835432363336
1395,0.3694259524345398,0.3774606636962439
1396,0.5252065062522888,0.3848479558240462
1397,0.3809499144554138,0.38465305375561454
1398,0.4389646351337433,0.387368632824521
1399,0.379184365272522,0.386959419446921
1400,0.4539879858493805,0.390310847767044
1401,0.35119837522506714,0.38835522413994517
1402,0.3653213381767273,0.38720352984178424
1403,0.35637128353118896,0.3856619175262545
1404,0.3016073703765869,0.38145919016877117
1405,0.3094135522842407,0.37785690827454466
1406,0.4000839293003082,0.37896825932583283
1407,0.572043240070343,0.3886220083630583
1408,0.309027761220932,0.384642296005952
1409,0.22633525729179382,0.3767269440702441
1410,0.3029966652393341,0.3730404301286986
1411,0.47034040093421936,0.3779054286689746
1412,0.38502222299575806,0.3782612683853137
1413,0.3401164412498474,0.3763540270285404
1414,0.2211829423904419,0.3685954727966355
1415,0.4447669982910156,0.37240404907135455
1416,0.431969553232193,0.37538232427939644
1417,0.5174148082733154,0.3824839484790924
1418,0.38065242767333984,0.38239237243880475
1419,0.489143043756485,0.38772990600468876
1420,0.30165576934814453,0.38342619917186155
1421,0.5034809112548828,0.3894289347760126
1422,0.5368708372116089,0.3968010298977924
1423,0.30759909749031067,0.3923409332774183
1424,0.5234102010726929,0.39889439666718207
1425,0.4276508092880249,0.4003322172982242
1426,0.2973520755767822,0.3951832102121521
1427,0.23399478197097778,0.38712378880009335
1428,0.31975415349006653,0.38375530703459204
1429,0.3283036947250366,0.3809827264191143
1430,0.37099921703338623,0.3804835509498279
1431,0.37268245220184326,0.38009349601242864
1432,0.38221484422683716,0.3801995634231491
1433,0.4316786527633667,0.38277351789016
1434,0.4604696035385132,0.3866583221725777
1435,0.38664013147354126,0.3866574126376258
1436,0.393588125705719,0.38700394829103046
1437,0.42230725288391113,0.3887691135206745
1438,0.4276348948478699,0.39071240258703427
1439,0.25775623321533203,0.3840645941184492
1440,0.42807629704475403,0.38626517926476445
1441,0.2680240869522095,0.3803531246491367
1442,0.4715944826602936,0.38491519254969453
1443,0.31543081998825073,0.3814409739216223
1444,0.2907392680644989,0.3769058886287661
1445,0.28947246074676514,0.37253421723466607
1446,0.4760854244232178,0.37771177759409363
1447,0.4864620566368103,0.38314929154622945
1448,0.30849215388298035,0.379416434663067
1449,0.5228607654571533,0.38658865120277136
1450,0.3965808153152466,0.38708825940839514
1451,0.42698824405670166,0.38908325864081045
1452,0.29362642765045166,0.3843104170912925
1453,0.24668419361114502,0.3774291059172851
1454,0.49016013741493225,0.3830656574921675
1455,0.31191501021385193,0.3795081251282517
1456,0.43913787603378296,0.3824896126735283
1457,0.39869219064712524,0.38329974157220814
1458,0.3263978362083435,0.38045464630401493
1459,0.4996023178100586,0.38641202987931716
1460,0.23432332277297974,0.3788075945240003
1461,0.46570757031440735,0.38315259331352064
1462,0.54320228099823,0.39115507769775615
1463,0.5485029220581055,0.3990224699157736
1464,0.3553127646446228,0.39683698465221606
1465,0.38908448815345764,0.39644935982727814
1466,0.4144403338432312,0.39734890852807575
1467,0.460518479347229,0.40050738706903344
1468,0.5000839829444885,0.4054862168628062
1469,0.5260933637619019,0.411516574207761
1470,0.370879590511322,0.4094847250229391
1471,0.4716653823852539,0.41259375789105485
1472,0.545524537563324,0.4192402968746683
1473,0.3250811994075775,0.4145323420013137
1474,0.4308623671531677,0.4153488432589065
1475,0.3987722396850586,0.4145200130802141
1476,0.28322166204452515,0.4079550955284296
1477,0.5185390710830688,0.4134842943061616
1478,0.4757116138935089,0.41659566028552897
1479,0.44262558221817017,0.417897156382161
1480,0.5112245678901672,0.42256352695756133
1481,0.41889792680740356,0.4223802469500535
1482,0.38042008876800537,0.4202822390409511
1483,0.263345867395401,0.4124354204586736
1484,0.3908604085445404,0.41135666986296693
1485,0.4391760230064392,0.41274763752014054
1486,0.27272650599479675,0.40574658094387334
1487,0.2719053030014038,0.3990545170467499
1488,0.49792933464050293,0.4039982579264375
1489,0.37915754318237305,0.4027562221892343
1490,0.3813741207122803,0.4016871171153866
1491,0.41040855646133423,0.402123189082684
1492,0.49524348974227905,0.40677920411566376
1493,0.39838844537734985,0.4063596661787481
1494,0.27885571122169495,0.3999844684308954
1495,0.42730236053466797,0.401350363036084
1496,0.39622437953948975,0.4010940638612543
1497,0.22347518801689148,0.39221312006903614
1498,0.3208438456058502,0.38864465634587686
1499,0.3693503141403198,0.387679939235599
1500,0.25077342987060547,0.38083461376734934
1501,0.42251914739608765,0.3829188404487862
1502,0.2823808193206787,0.3778919393923808
1503,0.5727397799491882,0.3876343314202212
1504,0.3926253318786621,0.38788388144314323
1505,0.3900148868560791,0.38799043171379
1506,0.5724696516990662,0.3972143927130538
1507,0.39812904596328735,0.3972601253755655
1508,0.3071199059486389,0.3927531144042192
1509,0.4405483603477478,0.3951428767013956
1510,0.29745620489120483,0.39025854311088604
1511,0.32084500789642334,0.3867878663501629
1512,0.4808511435985565,0.3914910302125826
1513,0.4222210943698883,0.3930275334204479
1514,0.5000803470611572,0.3983801741024834
1515,0.5268650650978088,0.40480441865224964
1516,0.2583877444267273,0.3974835849409735
1517,0.6427646279335022,0.40974763709059997
1518,0.4823238253593445,0.4133764465040372
1519,0.3374766707420349,0.40958145771593707
1520,0.4102429151535034,0.4096145305878154
1521,0.4293312430381775,0.41060036621033347
1522,0.38804054260253906,0.4094723750299437
1523,0.24414560198783875,0.4012060363778384
1524,0.4562889039516449,0.4039601797565287
1525,0.2735084891319275,0.3974375952252986
1526,0.40141761302948,0.39763659611550767
1527,0.3632795810699463,0.3959187453632296
1528,0.4008136987686157,0.3961634930334989
1529,0.3848463296890259,0.39559763486627525
1530,0.509141743183136,0.4012748402821183
1531,0.40829434990882874,0.4016258157634538
1532,0.3596651256084442,0.3995277812557033
1533,0.48940345644950867,0.40402156501539355
1534,0.5276167392730713,0.4102013237282774
1535,0.4494454264640808,0.4121635288650676
1536,0.3614281713962555,0.409626760991627
1537,0.6034955978393555,0.41932020283401344
1538,0.4587753713130951,0.42129296125796756
1539,0.37047475576400757,0.41875205098326956
1540,0.41400909423828125,0.41851490314602013
1541,0.47073596715927124,0.4211259563466827
1542,0.5134971141815186,0.4257445142384245
1543,0.30193644762039185,0.41955411090752287
1544,0.2579931914806366,0.41147606493617855
1545,0.5254061222076416,0.4171725677997517
1546,0.3825876712799072,0.4154433229737595
1547,0.5507601499557495,0.42220916432285904
1548,0.2889888882637024,0.4155481505199012
1549,0.41798973083496094,0.4156702295356542
1550,0.3847317695617676,0.4141233065369599
1551,0.38479602336883545,0.41265694237855366
1552,0.4146796464920044,0.41275807758422617
1553,0.53121018409729,0.41868068290987936
1554,0.4830651581287384,0.42189990667082233
1555,0.3110538125038147,0.41635760196247196
1556,0.4687553644180298,0.4189774900852498
1557,0.5557878017425537,0.425818005668115
1558,0.3244284689426422,0.4207485288318414
1559,0.38234543800354004,0.41882837429042635
1560,0.4189208149909973,0.4188329963254549
1561,0.3474882245063782,0.41526575773450103
1562,0.35085272789001465,0.41204510624227675
1563,0.4068105220794678,0.4117833770341363
1564,0.4524351954460144,0.41381596795473025
1565,0.4221983551979065,0.4142350873168891
1566,0.4150758385658264,0.41427712487933593
1567,0.45948487520217896,0.4165375123954781
1568,0.2976698577404022,0.4105941296627243
1569,0.4945489764213562,0.41479187200065587
1570,0.40090638399124146,0.41409759760018516
1571,0.39414647221565247,0.4131000413309585
1572,0.234291672706604,0.4041596228997408
1573,0.39548933506011963,0.4037261085077597
1574,0.38280612230300903,0.4026801091975222
1575,0.3000720143318176,0.39754970445423693
1576,0.237764373421669,0.3895604379026085
1577,0.245991513133049,0.38238199166413056
1578,0.4491935968399048,0.38572257192291926
1579,0.36994853615760803,0.3849338701346537
1580,0.43880918622016907,0.38762763593892946
1581,0.2951451241970062,0.3830035103518333
1582,0.4014410972595215,0.3839253896972177
1583,0.38743263483047485,0.3841007519538805
1584,0.36760666966438293,0.3832760478394056
1585,0.32344359159469604,0.38028442502717014
1586,0.28238993883132935,0.3753897007173781
1587,0.441750705242157,0.378707750943617
1588,0.43044954538345337,0.3812948406656088
1589,0.3594827651977539,0.38020423689221605
1590,0.3982999920845032,0.3811090246518304
1591,0.3730936050415039,0.38070825367131406
1592,0.27895939350128174,0.37562081066281244
1593,0.37534287571907043,0.3756069139156254
1594,0.3337743878364563,0.3735152876116669
1595,0.3981621265411377,0.37474762955814045
1596,0.2717313766479492,0.36959681691263085
1597,0.41818833351135254,0.372026392742567
1598,0.4138304591178894,0.37411659606133313
1599,0.4360945522785187,0.3772154938721924
1600,0.4198395013809204,0.3793466942476288
1601,0.4162808656692505,0.3811934028187099
1602,0.2811596393585205,0.3761917146457004
1603,0.4138455092906952,0.37807440437795015
1604,0.41846179962158203,0.38009377414013173
1605,0.4475438892841339,0.38346627989733184
1606,0.33892303705215454,0.38123911775507296
1607,0.3960387110710144,0.38197909742087005
1608,0.2829645872116089,0.377028371910407
1609,0.2713205814361572,0.3717429823866945
1610,0.5001847743988037,0.3781650719873
1611,0.35392260551452637,0.37695294866366125
1612,0.46153679490089417,0.3811821409755229
1613,0.43794071674346924,0.3840200697639202
1614,0.5272595286369324,0.39118204270757084
1615,0.46127286553382874,0.3946865838488838
1616,0.35963764786720276,0.39293413704979974
1617,0.46137043833732605,0.39635595211417607
1618,0.3289760649204254,0.3929869577544885
1619,0.35264095664024353,0.39096965769877623
1620,0.5018386244773865,0.39651310603770673
1621,0.39938145875930786,0.3966565236737868
1622,0.4498356580734253,0.3993154803937687
1623,0.24901899695396423,0.39180065622177845
1624,0.5171167850494385,0.3980664626631614
1625,0.37680190801620483,0.39700323493081363
1626,0.5076171159744263,0.4025339289829943
1627,0.37710416316986084,0.40126244069233763
1628,0.33922767639160156,0.39816070247730084
1629,0.5216957330703735,0.4043374540069545
1630,0.4096933603286743,0.4046052493230405
1631,0.34002161026000977,0.40137606736988896
1632,0.5360543727874756,0.40810998264076825
1633,0.3558395504951477,0.40549646103348724
1634,0.34792977571487427,0.4026181267675566
1635,0.4346338212490082,0.4042189114916292
1636,0.27024251222610474,0.397520091528353
1637,0.3248598575592041,0.3938870798298955
1638,0.310339093208313,0.3897096804988164
1639,0.4529896080493927,0.3928736768763452
1640,0.4107717275619507,0.3937685794106255
1641,0.46566900610923767,0.3973636007455561
1642,0.5354382991790771,0.40426733566723216
1643,0.39124417304992676,0.4036161775363669
1644,0.4202050268650055,0.4044456200027988
1645,0.3683459460735321,0.4026406363063355
1646,0.5281610488891602,0.40891665693547674
1647,0.5397772789001465,0.4154596880337102
1648,0.30347052216529846,0.4098602297402896
1649,0.3066708445549011,0.4047007604810202
1650,0.4281349778175354,0.405872471347846
1651,0.33978667855262756,0.40256818170808506
1652,0.4634963572025299,0.40561459048280735
1653,0.4062844514846802,0.405648083532901
1654,0.33306220173835754,0.4020187894431738
1655,0.34541448950767517,0.3991885744463989
1656,0.18545231223106384,0.3885017613356321
1657,0.5006974935531616,0.39411154794650854
1658,0.5337952971458435,0.4010957354064753
1659,0.4932110905647278,0.4057015031643879
1660,0.3884386420249939,0.4048383601074182
1661,0.16968554258346558,0.3930807192312205
1662,0.5297234058380127,0.3999128535615601
1663,0.3971216380596161,0.3997732927864629
1664,0.38817718625068665,0.3991934874596741
1665,0.4910271167755127,0.403785168925466
1666,0.4515736997127533,0.40617459546483037
1667,0.3874518573284149,0.40523845855800955
1668,0.5226688385009766,0.4111099775551579
1669,0.43959859013557434,0.4125344081841787
1670,0.3500477373600006,0.4094100746429698
1671,0.5948549509048462,0.41868231845606363
1672,0.4945628046989441,0.42247634276820767
1673,0.4622429609298706,0.4244646736762908
1674,0.5647993087768555,0.431481405431319
1675,0.5080269575119019,0.43530868303534814
1676,0.3537976145744324,0.43123312961230237
1677,0.369052916765213,0.4281241189699479
1678,0.41249769926071167,0.4273427979844861
1679,0.423123836517334,0.42713184991112846
1680,0.38545936346054077,0.42504822558859906
1681,0.2329961210489273,0.4154456203616155
1682,0.3221944570541382,0.41078306219624156
1683,0.39944565296173096,0.41021619173451607
1684,0.4222162365913391,0.41081619397735725
1685,0.5030331611633301,0.4154270423366559
1686,0.3838058114051819,0.4138459807900822
1687,0.4263526201248169,0.4144713127568189
1688,0.26619213819503784,0.4070573540287299
1689,0.3758156895637512,0.405495270805481
1690,0.4813608229160309,0.4092885484110085
1691,0.4337608814239502,0.41051216506165555
1692,0.5068283081054688,0.4153279722138462
1693,0.42094355821609497,0.41560875151395865
1694,0.2904406785964966,0.4093503478680855
1695,0.31854814291000366,0.40481023762018137
1696,0.4741721749305725,0.40827833448570094
1697,0.30033549666404724,0.40288119259461824
1698,0.3577269911766052,0.4006234825237176
1699,0.4075324833393097,0.4009689325644972
1700,0.32291993498802185,0.39706648268567346
1701,0.28301072120666504,0.39136369461172305
1702,0.35466641187667847,0.3895288304749708
1703,0.3219662606716156,0.386150701984803
1704,0.468513548374176,0.39026884430427167
1705,0.41848891973495483,0.3916798480758058
1706,0.4153549075126648,0.3928636010476487
1707,0.2628694772720337,0.38636389485886796
1708,0.3205519914627075,0.3830732996890599
1709,0.36632394790649414,0.3822358320999316
1710,0.3045682907104492,0.3783524550304575
1711,0.38321948051452637,0.37859580630466094
1712,0.4816145598888397,0.3837467439838699
1713,0.3665933609008789,0.38288907482972034
1714,0.3002893924713135,0.3787590907118
1715,0.5019552111625671,0.3849188967343384
1716,0.37429144978523254,0.38438752438688306
1717,0.42127418518066406,0.3862318574265721
1718,0.3620903193950653,0.3850247805249968
1719,0.5686708688735962,0.39420708494242673
1720,0.2809246778488159,0.3885429645877462
1721,0.3854178786277771,0.3883867102897477
1722,0.4719427227973938,0.39256451091513
1723,0.3014221787452698,0.388007394306637
1724,0.33575424551963806,0.38539473686728704
1725,0.20723563432693481,0.37648678174026945
1726,0.33370959758758545,0.37434792253263527
1727,0.4460305869579315,0.3779320557539001
1728,0.4868168234825134,0.3833762941403308
1729,0.3046747148036957,0.37944121517349905
1730,0.3715475797653198,0.3790465334030901
1731,0.34455612301826477,0.3773220128838488
1732,0.6498285531997681,0.39094733989964475
1733,0.32703015208244324,0.38775148050878466
1734,0.3557014465332031,0.3861489788100056
1735,0.34392672777175903,0.3840378662580933
1736,0.614537239074707,0.39556283489892397
1737,0.4356139600276947,0.3975653911553625
1738,0.3765751123428345,0.3965158772147361
1739,0.40148627758026123,0.3967643972330124
1740,0.5527175068855286,0.4045620527156382
1741,0.22180378437042236,0.3954241392983774
1742,0.4008084535598755,0.39569335501145225
1743,0.3145298957824707,0.39163518205000314
1744,0.4727875590324402,0.395692800899125
1745,0.3200698494911194,0.3919116533287247
1746,0.2853594422340393,0.38658404277399044
1747,0.33141028881073,0.38382535507582743
1748,0.4984639585018158,0.38955728524712685
1749,0.33232221007347107,0.38669553148844404
1750,0.6203383207321167,0.3983776709506277
1751,0.3112313747406006,0.3940203561401263
1752,0.284445583820343,0.38854161752413713
1753,0.4473910331726074,0.3914840883065607
1754,0.35490506887435913,0.3896551373349506
1755,0.3459174633026123,0.3874682536333337
1756,0.435258150100708,0.3898577484567024
1757,0.30243316292762756,0.3854865191802487
1758,0.3821081221103668,0.3853175993267546
1759,0.42965930700302124,0.3875346847105679
1760,0.4977119565010071,0.39304354830008986
1761,0.3541123569011688,0.3910969887301438
1762,0.4480910897254944,0.39394669377991137
1763,0.43828630447387695,0.39616367431460964
1764,0.3000309467315674,0.3913570379354575
1765,0.4182160794734955,0.3926999900123594
1766,0.3946669101715088,0.3927983360203169
1767,0.334192156791687,0.3898680270588854
1768,0.37443041801452637,0.3890961466066674
1769,0.3872874975204468,0.3890057141523564
1770,0.41020965576171875,0.3900659112328245
1771,0.25183194875717163,0.38315421310904185
1772,0.40191882848739624,0.38409244387795954
1773,0.38368719816207886,0.3840721815921655
1774,0.5737813115119934,0.3935576380881569
1775,0.43197500705718994,0.39547850653660854
1776,0.36653444170951843,0.39403130329525404
1777,0.3683682382106781,0.39274815004102526
1778,0.38626885414123535,0.39242418524603573
1779,0.22646041214466095,0.38412599659096697
1780,0.2205100655555725,0.37594520003919724
1781,0.36731383204460144,0.3755136316394675
1782,0.3960309326648712,0.37653949669073766
1783,0.4027341902256012,0.37784923136748083
1784,0.38278937339782715,0.37809623846899815
1785,0.4309294521808624,0.38073789915459133
1786,0.530053973197937,0.3882037028567586
1787,0.3457028567790985,0.3860786605528756
1788,0.31358039379119873,0.38245374721479175
1789,0.3641360402107239,0.3815378618645883
1790,0.29060065746307373,0.3769910016445126
1791,0.3847189247608185,0.37737739780032786
1792,0.2944340109825134,0.37323022845943715
1793,0.35415977239608765,0.37227670565626964
1794,0.4992380142211914,0.3786247710845157
1795,0.42202067375183105,0.3807945662178815
1796,0.44027644395828247,0.38376866010490157
1797,0.28163424134254456,0.3786619391667837
1798,0.3610992729663849,0.37778380585676374
1799,0.5006809830665588,0.3839286647172535
1800,0.4665956497192383,0.3880620139673528
1801,0.33828026056289673,0.38557292629713
1802,0.4827553629875183,0.39043204813164945
1803,0.377269983291626,0.3897739448896482
1804,0.512808620929718,0.39592567869165174
1805,0.42027994990348816,0.39714339225224354
1806,0.43012571334838867,0.3987925083070508
1807,0.30341872572898865,0.3940238191781477
1808,0.22445741295814514,0.3855454988671476
1809,0.3521686792373657,0.3838766578856585
1810,0.3547866940498352,0.38242215969386734
1811,0.45435214042663574,0.3860186587305057
1812,0.38100743293762207,0.38576809744086155
1813,0.48904430866241455,0.3909319080019392
1814,0.34877222776412964,0.3888239239900488
1815,0.21044310927391052,0.3799048832542419
1816,0.39638572931289673,0.38072892555717464
1817,0.4184996485710144,0.3826174617078666
1818,0.6204959154129028,0.3945113843931184
1819,0.317291796207428,0.39065040498383385
1820,0.4224238097667694,0.3922390752229806
1821,0.6095431447029114,0.4031042786969772
1822,0.535796046257019,0.4097388670749793
1823,0.40986669063568115,0.4097452582530144
1824,0.14858031272888184,0.39668701097680775
1825,0.4177277088165283,0.3977390458687938
1826,0.387669175863266,0.3972355523685174
1827,0.4651205539703369,0.40062980244860835
1828,0.4624096155166626,0.4037187931020111
1829,0.3626272976398468,0.40166421832890287
1830,0.3284990191459656,0.398005958369756
1831,0.40147584676742554,0.3981794527896395
1832,0.5071269273757935,0.4036268265189472
1833,0.4259139597415924,0.40474118318007946
1834,0.5167285203933716,0.4103405500407441
1835,0.5619946718215942,0.41792325612978665
1836,0.4519156515598297,0.41962287590128877
1837,0.5100374817848206,0.4241436061954654
1838,0.43666210770606995,0.4247695312709956
1839,0.3623000383377075,0.4216460566243312
1840,0.48396292328834534,0.4247618999575319
1841,0.3761691451072693,0.42233226221501874
1842,0.34732839465141296,0.41858206883683846
1843,0.24077734351158142,0.40969183257057556
1844,0.286679208278656,0.4035412013559796
1845,0.2543986439704895,0.39608407348670505
1846,0.3265063166618347,0.39260518564546154
1847,0.45830920338630676,0.3958903865325038
1848,0.5199882388114929,0.40209527914645327
1849,0.3674660623073578,0.40036381830449846
1850,0.40628376603126526,0.4006598156908368
1851,0.3548644185066223,0.3983700458316261
1852,0.3400866389274597,0.3954558754864178
1853,0.6407589316368103,0.40772102829393747
1854,0.34268903732299805,0.4044694287453905
1855,0.45520782470703125,0.4070063485434725
1856,0.3893943428993225,0.406125748261265
1857,0.3458259105682373,0.40311075637661364
1858,0.521655261516571,0.4090379816336115
1859,0.603760838508606,0.41877412447736123
1860,0.526666522026062,0.4241687443547963
1861,0.24342817068099976,0.41513171567110646
1862,0.4244815707206726,0.4155992084235848
1863,0.36250001192092896,0.412944248598452
1864,0.43842071294784546,0.4142180718159217
1865,0.525091290473938,0.4197617327488225
1866,0.43091142177581787,0.4203192172001723
1867,0.4982210397720337,0.4242143083287654
1868,0.34156644344329834,0.42008191508449205
1869,0.4266960620880127,0.4204126224346681
1870,0.4876997172832489,0.42377697717709717
1871,0.3910529613494873,0.4221407763857167
1872,0.40293532609939575,0.42118050387140066
1873,0.42750465869903564,0.4214967116127824
1874,0.4118831753730774,0.42101603480079713
1875,0.5134633183479309,0.4256383989781538
1876,0.5482463240623474,0.4317687952323635
1877,0.26172566413879395,0.42326663867768505
1878,0.3495437204837799,0.4195804927679898
1879,0.4017547369003296,0.4186892049746068
1880,0.32844167947769165,0.4141768286997611
1881,0.4308878481388092,0.4150123796717135
1882,0.48043620586395264,0.41828357098132546
1883,0.5546307563781738,0.42510093025116785
1884,0.3670608401298523,0.4221989257451021
1885,0.3442562520503998,0.418301792060367
1886,0.48352283239364624,0.421562844077031
1887,0.31399643421173096,0.41618452358376595
1888,0.30135220289230347,0.4104429075491928
1889,0.24875564873218536,0.4023585446083424
1890,0.4213170111179352,0.403306467933822
1891,0.390289843082428,0.4026556366912523
1892,0.35686632990837097,0.4003661713521083
1893,0.33687183260917664,0.3971914544149617
1894,0.3179449141025543,0.3932291273993413
1895,0.27551907300949097,0.3873436246798488
1896,0.5743768215179443,0.39669528452175357
1897,0.47565943002700806,0.4006434917970163
1898,0.33678460121154785,0.39745054726774287
1899,0.402724027633667,0.39771422128603906
1900,0.34045419096946716,0.3948512197702104
1901,0.47556132078170776,0.3988867248207853
1902,0.40187281370162964,0.3990360292648275
1903,0.3215976357460022,0.39516410958888626
1904,0.2603744864463806,0.38842462843176095
1905,0.4640561640262604,0.3922062052114859
1906,0.3483695983886719,0.39001437487034524
1907,0.3443835973739624,0.3877328359955261
1908,0.48517435789108276,0.3926049120903039
1909,0.4483913779258728,0.39539423538208235
1910,0.4356689155101776,0.3974079693884871
1911,0.29972004890441895,0.3925235733642837
1912,0.4291289746761322,0.3943538434298761
1913,0.286201149225235,0.388946208719644
1914,0.2910689115524292,0.38405234386128323
1915,0.35399526357650757,0.38254948984704445
1916,0.4396481513977051,0.3854044229245775
1917,0.2886757254600525,0.3805679880513512
1918,0.23461602628231049,0.3732703899628992
1919,0.3469065725803375,0.3719521990937711
1920,0.40263521671295166,0.3734863499747301
1921,0.47987526655197144,0.3788057958035922
1922,0.4383741617202759,0.38178421409942637
1923,0.3727055490016937,0.38133028084453974
1924,0.28098252415657043,0.3763128930101413
1925,0.2538100481033325,0.37018775076480087
1926,0.44484204053878784,0.37392046525350026
1927,0.43360599875450134,0.3769047419285503
1928,0.5302385091781616,0.38457143029103086
1929,0.5296897888183594,0.3918273482173973
1930,0.5525513887405396,0.3998635502435544
1931,0.525013267993927,0.4061210361310731
1932,0.28449881076812744,0.40003992486292583
1933,0.396305114030838,0.39985318432132144
1934,0.304049015045166,0.39506297585751365
1935,0.383087158203125,0.3944641849747942
1936,0.3953026533126831,0.39450610839168865
1937,0.40167129039764404,0.3948643674919864
1938,0.45406708121299744,0.3978245031780369
1939,0.49941137433052063,0.4029038467356611
1940,0.34869658946990967,0.4001934838723735
1941,0.4890296459197998,0.40463529197474485
1942,0.34142589569091797,0.4014748221605535
1943,0.4224972426891327,0.4025259431869825
1944,0.4074510335922241,0.40277219770724454
1945,0.24923774600028992,0.3950954751218968
1946,0.37763485312461853,0.3942224440220329
1947,0.4647843837738037,0.39775054100962143
1948,0.27380573749542236,0.3915533008339115
1949,0.400072306394577,0.39197925111194476
1950,0.48351699113845825,0.39655613811327045
1951,0.5201078653335571,0.4027337244742848
1952,0.315678209066391,0.39838094870389007
1953,0.337705135345459,0.39534715803596854
1954,0.4871872365474701,0.3999391619615436
1955,0.5966882705688477,0.4097766173919088
1956,0.43574288487434387,0.4110749307660305
1957,0.4401665925979614,0.41252951385762704
1958,0.45354893803596497,0.41458048506654394
1959,0.4177002012729645,0.41473647087686494
1960,0.44546031951904297,0.41627266330897383
1961,0.27625665068626404,0.4092718626778383
1962,0.4174501597881317,0.40968077753335297
1963,0.5744466185569763,0.4179190695845341
1964,0.4148082435131073,0.41776352828096275
1965,0.4101940095424652,0.4173850523440379
1966,0.3851749897003174,0.41577454921185186
1967,0.3898865282535553,0.414480148163937
1968,0.4122270941734314,0.41436749546441176
1969,0.4416613280773163,0.415732187095057
1970,0.4005557894706726,0.4149733672138378
1971,0.41262900829315186,0.41485614926780356
1972,0.39744123816490173,0.41398540371265846
1973,0.19826743006706238,0.40319950503037866
1974,0.3744904696941376,0.40176405326356657
1975,0.39774763584136963,0.4015632323924567
1976,0.4695478081703186,0.4049624611813498
1977,0.45876234769821167,0.40765245550719287
1978,0.3337180018424988,0.40395573282395814
1979,0.5463505387306213,0.4110754731192913
1980,0.47124916315078735,0.41408415762086614
1981,0.42690765857696533,0.4147253326686711
1982,0.3287588953971863,0.41042701080509686
1983,0.42346155643463135,0.41107873808657364
1984,0.5767619609832764,0.41936289923140874
1985,0.4207165837287903,0.4194305834562778
1986,0.3282374143600464,0.4148709250014662
1987,0.5598981380462646,0.42212228565370613
1988,0.3814985752105713,0.4200911001315494
1989,0.346102774143219,0.4163916838321329
1990,0.3814201354980469,0.41464310641542856
1991,0.4824178218841553,0.4180318421888649
1992,0.46502047777175903,0.4203812739680096
1993,0.22973047196865082,0.41084873386804166
1994,0.18323972821235657,0.3994682835852574
1995,0.42861515283584595,0.4009256270477868
1996,0.5066820979118347,0.4062134505909892
1997,0.41528382897377014,0.4066669695101282
1998,0.5202068090438843,0.412343961486816
1999,0.39518633484840393,0.4114860801548954
2000,0.4068814218044281,0.411255847237372
2001,0.3101111054420471,0.4061986101476057
2002,0.3349803686141968,0.4026376980709353
2003,0.4376712441444397,0.4043893753746105
2004,0.42447882890701294,0.40539384805123063
2005,0.3661496043205261,0.40343163586469544
2006,0.32150042057037354,0.39933507509997934
2007,0.37453693151474,0.39809516792071736
2008,0.44445937871932983,0.400413378460648
2009,0.46349865198135376,0.40356764213668334
2010,0.31751748919487,0.39926513448959267
2011,0.5067309141159058,0.40463842347090834
2012,0.3757126033306122,0.4031921324638935
2013,0.4514816701412201,0.40560660934775983
2014,0.3568730056285858,0.4031699291618011
2015,0.34581130743026733,0.4003019980752244
2016,0.42836707830429077,0.40170525208667773
2017,0.5085136294364929,0.4070456709541685
2018,0.344204306602478,0.40390360273658393
2019,0.3433232009410858,0.40087458264680903
2020,0.3903403878211975,0.4003478729055284
2021,0.46309712529182434,0.4034853355248432
2022,0.3557504117488861,0.40109858933604536
2023,0.582487940788269,0.4101680569086566
2024,0.4193184971809387,0.4106255789222707
2025,0.42984187602996826,0.41158639377765555
2026,0.2745663821697235,0.404735393197259
2027,0.4279318153858185,0.40589521430668696
2028,0.29518407583236694,0.40035965738297097
2029,0.33002030849456787,0.3968426899385508
2030,0.46068209409713745,0.40003466014648015
2031,0.5530931949615479,0.4076875868872335
2032,0.37770479917526245,0.4061884475016349
2033,0.42297637462615967,0.40702784385786117
2034,0.4125998616218567,0.407306444746061
2035,0.4361352324485779,0.4087478841311868
2036,0.528097927570343,0.4147153863031446
2037,0.4551011919975281,0.4167346765878638
2038,0.38791602849960327,0.4152937441834508
2039,0.2921672761440277,0.4091374207814796
2040,0.47671806812286377,0.4125164531485488
2041,0.28588050603866577,0.4061846557930546
2042,0.42198240756988525,0.40697454338189615
2043,0.34558215737342834,0.40390492408147277
2044,0.3149259090423584,0.39945597332951704
2045,0.5344109535217285,0.4062037223391276
2046,0.5239166021347046,0.41208936632890647
2047,0.36803698539733887,0.4098867472823281
2048,0.49484342336654663,0.414134581086539
2049,0.29885751008987427,0.4083707275367058
2050,0.45402073860168457,0.4106532280899547
2051,0.35449454188346863,0.40784529377963036
2052,0.4203615188598633,0.40847110503364203
2053,0.43009841442108154,0.409552470503014
2054,0.44123178720474243,0.4111364363381005
2055,0.4687167704105377,0.4140154530417223
2056,0.32402801513671875,0.40951608114647214
2057,0.27893832325935364,0.4029871932521162
2058,0.36738866567611694,0.4012072668733162
2059,0.30660995841026306,0.3964774014501635
2060,0.40349969267845154,0.3968285160115779
2061,0.5104430913925171,0.4025092447806249
2062,0.22454050183296204,0.39361080763324174
2063,0.24978579580783844,0.38641955704197156
2064,0.3330584466457367,0.3837515015221598
2065,0.45783016085624695,0.38745543448886416
2066,0.4456574320793152,0.3903655343683867
2067,0.27814942598342896,0.3847547289491388
2068,0.44196999073028564,0.3876154920381962
2069,0.35557854175567627,0.38601364452407017
2070,0.5416152477264404,0.3937937246841887
2071,0.40899747610092163,0.39455391225502534
2072,0.4178244471549988,0.39571743900002404
2073,0.33791279792785645,0.3928272069464157
2074,0.40701189637184143,0.393536441417687
2075,0.2465566098690033,0.38618744984025277
2076,0.35297390818595886,0.3845267727575381
2077,0.5017213821411133,0.39038650322671686
2078,0.3519201874732971,0.38846318743904584
2079,0.33709797263145447,0.38589492669866626
2080,0.5000114440917969,0.3916007525683228
2081,0.3187546730041504,0.38795844859011414
2082,0.42855072021484375,0.3899880621713506
2083,0.4221794605255127,0.39159763208905873
2084,0.3224641680717468,0.3881409588881931
2085,0.4597313404083252,0.39172047796419973
2086,0.5066397190093994,0.3974664400164597
2087,0.4314790368080139,0.39916706985603745
2088,0.4730639159679413,0.40286191216163264
2089,0.4798099100589752,0.4067093120564998
2090,0.6216456890106201,0.4174561309042058
2091,0.40489572286605835,0.41682811050229845
2092,0.24873346090316772,0.4084233780223419
2093,0.2079242765903473,0.3983984229507422
2094,0.24574324488639832,0.390765664047525
2095,0.417056679725647,0.3920802148314311
2096,0.4420422315597534,0.3945783156678472
2097,0.46071332693099976,0.39788506623100484
2098,0.3917780816555023,0.3975797170022297
2099,0.30935466289520264,0.39316846429687835
2100,0.31967270374298096,0.38949367626918346
2101,0.31994932889938354,0.38601645890069347
2102,0.42373818159103394,0.3879025450352105
2103,0.4799758493900299,0.39250621025295146
2104,0.2757038176059723,0.3866660906206025
2105,0.3531857132911682,0.38499207175413075
2106,0.24459055066108704,0.37797199569947854
2107,0.2716752886772156,0.3726571603483654
2108,0.34158211946487427,0.37110340830419086
2109,0.24776475131511688,0.3649364754547372
2110,0.4084095060825348,0.36711012698612705
2111,0.43899214267730713,0.37070422777068607
2112,0.53441321849823,0.3788896773070633
2113,0.48822805285453796,0.384356596084437
2114,0.4979323744773865,0.39003538500408447
2115,0.29483240842819214,0.38527523617528986
2116,0.30181455612182617,0.3811022021726167
2117,0.3858115077018738,0.38133766744907954
2118,0.4942750930786133,0.3869845387305562
2119,0.4918346107006073,0.39222704232905875
2120,0.43025243282318115,0.3941283118537649
2121,0.4272279739379883,0.3957832949579761
2122,0.41514286398887634,0.3967512734095211
2123,0.38113752007484436,0.39597058574278726
2124,0.5650635957717896,0.4044252362442374
2125,0.4863642454147339,0.4085221867027622
2126,0.2987006902694702,0.4030311118810976
2127,0.6413120031356812,0.4149451564438268
2128,0.5195021033287048,0.4201730037880707
2129,0.3475925326347351,0.4165439802304039
2130,0.36807870864868164,0.4141207166513178
2131,0.29569298028945923,0.4081993298332248
2132,0.4043700695037842,0.4080078668167528
2133,0.5115205645561218,0.41318350170372126
2134,0.5255116820335388,0.41879991072021217
2135,0.3198249638080597,0.41385116337460454
2136,0.45764556527137756,0.41604088346944323
2137,0.33536195755004883,0.4120069371734735
2138,0.47360751032829285,0.41508696583121446
2139,0.38236352801322937,0.4134507939403152
2140,0.4839740991592407,0.4169769592012615
2141,0.4079100489616394,0.41652361368928037
